Node Type,Node,Node Interface,Peer Type,Peer Node,Peer Interface,Node Interface Enabled
l3leaf,clab-clos-large-borderleaf1,Ethernet3,spine,clab-clos-large-spine1,Ethernet52,True
l3leaf,clab-clos-large-borderleaf1,Ethernet4,spine,clab-clos-large-spine2,Ethernet52,True
l3leaf,clab-clos-large-borderleaf1,Ethernet5,spine,clab-clos-large-spine3,Ethernet52,True
l3leaf,clab-clos-large-borderleaf1,Ethernet6,l3_interface,,,True
l3leaf,clab-clos-large-borderleaf2,Ethernet3,spine,clab-clos-large-spine1,Ethernet53,True
l3leaf,clab-clos-large-borderleaf2,Ethernet4,spine,clab-clos-large-spine2,Ethernet53,True
l3leaf,clab-clos-large-borderleaf2,Ethernet5,spine,clab-clos-large-spine3,Ethernet53,True
l3leaf,clab-clos-large-borderleaf2,Ethernet6,l3_interface,,,True
l3leaf,clab-clos-large-leaf1,Ethernet1,mlag_peer,clab-clos-large-leaf2,Ethernet1,True
l3leaf,clab-clos-large-leaf1,Ethernet2,mlag_peer,clab-clos-large-leaf2,Ethernet2,True
l3leaf,clab-clos-large-leaf1,Ethernet3,spine,clab-clos-large-spine1,Ethernet2,True
l3leaf,clab-clos-large-leaf1,Ethernet4,spine,clab-clos-large-spine2,Ethernet2,True
l3leaf,clab-clos-large-leaf1,Ethernet5,spine,clab-clos-large-spine3,Ethernet2,True
l3leaf,clab-clos-large-leaf1,Ethernet7,server,host1,e1,True
l3leaf,clab-clos-large-leaf2,Ethernet1,mlag_peer,clab-clos-large-leaf1,Ethernet1,True
l3leaf,clab-clos-large-leaf2,Ethernet2,mlag_peer,clab-clos-large-leaf1,Ethernet2,True
l3leaf,clab-clos-large-leaf2,Ethernet3,spine,clab-clos-large-spine1,Ethernet3,True
l3leaf,clab-clos-large-leaf2,Ethernet4,spine,clab-clos-large-spine2,Ethernet3,True
l3leaf,clab-clos-large-leaf2,Ethernet5,spine,clab-clos-large-spine3,Ethernet3,True
l3leaf,clab-clos-large-leaf2,Ethernet7,server,host1,e2,True
l3leaf,clab-clos-large-leaf3,Ethernet1,mlag_peer,clab-clos-large-leaf4,Ethernet1,True
l3leaf,clab-clos-large-leaf3,Ethernet2,mlag_peer,clab-clos-large-leaf4,Ethernet2,True
l3leaf,clab-clos-large-leaf3,Ethernet3,spine,clab-clos-large-spine1,Ethernet4,True
l3leaf,clab-clos-large-leaf3,Ethernet4,spine,clab-clos-large-spine2,Ethernet4,True
l3leaf,clab-clos-large-leaf3,Ethernet5,spine,clab-clos-large-spine3,Ethernet4,True
l3leaf,clab-clos-large-leaf4,Ethernet1,mlag_peer,clab-clos-large-leaf3,Ethernet1,True
l3leaf,clab-clos-large-leaf4,Ethernet2,mlag_peer,clab-clos-large-leaf3,Ethernet2,True
l3leaf,clab-clos-large-leaf4,Ethernet3,spine,clab-clos-large-spine1,Ethernet5,True
l3leaf,clab-clos-large-leaf4,Ethernet4,spine,clab-clos-large-spine2,Ethernet5,True
l3leaf,clab-clos-large-leaf4,Ethernet5,spine,clab-clos-large-spine3,Ethernet5,True
l3leaf,clab-clos-large-leaf5,Ethernet1,mlag_peer,clab-clos-large-leaf6,Ethernet1,True
l3leaf,clab-clos-large-leaf5,Ethernet2,mlag_peer,clab-clos-large-leaf6,Ethernet2,True
l3leaf,clab-clos-large-leaf5,Ethernet3,spine,clab-clos-large-spine1,Ethernet6,True
l3leaf,clab-clos-large-leaf5,Ethernet4,spine,clab-clos-large-spine2,Ethernet6,True
l3leaf,clab-clos-large-leaf5,Ethernet5,spine,clab-clos-large-spine3,Ethernet6,True
l3leaf,clab-clos-large-leaf5,Ethernet7,network_port,host2,,True
l3leaf,clab-clos-large-leaf6,Ethernet1,mlag_peer,clab-clos-large-leaf5,Ethernet1,True
l3leaf,clab-clos-large-leaf6,Ethernet2,mlag_peer,clab-clos-large-leaf5,Ethernet2,True
l3leaf,clab-clos-large-leaf6,Ethernet3,spine,clab-clos-large-spine1,Ethernet7,True
l3leaf,clab-clos-large-leaf6,Ethernet4,spine,clab-clos-large-spine2,Ethernet7,True
l3leaf,clab-clos-large-leaf6,Ethernet5,spine,clab-clos-large-spine3,Ethernet7,True
l3leaf,clab-clos-large-leaf6,Ethernet7,network_port,host2,,True
l3leaf,clab-clos-large-leaf7,Ethernet1,mlag_peer,clab-clos-large-leaf8,Ethernet1,True
l3leaf,clab-clos-large-leaf7,Ethernet2,mlag_peer,clab-clos-large-leaf8,Ethernet2,True
l3leaf,clab-clos-large-leaf7,Ethernet3,spine,clab-clos-large-spine1,Ethernet8,True
l3leaf,clab-clos-large-leaf7,Ethernet4,spine,clab-clos-large-spine2,Ethernet8,True
l3leaf,clab-clos-large-leaf7,Ethernet5,spine,clab-clos-large-spine3,Ethernet8,True
l3leaf,clab-clos-large-leaf7,Ethernet7,network_port,,,True
l3leaf,clab-clos-large-leaf7,Ethernet8,network_port,,,True
l3leaf,clab-clos-large-leaf7,Ethernet9,network_port,,,True
l3leaf,clab-clos-large-leaf7,Ethernet10,network_port,,,True
l3leaf,clab-clos-large-leaf7,Ethernet11,network_port,,,True
l3leaf,clab-clos-large-leaf7,Ethernet12,network_port,,,True
l3leaf,clab-clos-large-leaf7,Ethernet13,network_port,,,True
l3leaf,clab-clos-large-leaf7,Ethernet14,network_port,,,True
l3leaf,clab-clos-large-leaf7,Ethernet15,network_port,,,True
l3leaf,clab-clos-large-leaf7,Ethernet16,network_port,,,True
l3leaf,clab-clos-large-leaf7,Ethernet17,network_port,,,True
l3leaf,clab-clos-large-leaf7,Ethernet18,network_port,,,True
l3leaf,clab-clos-large-leaf7,Ethernet19,network_port,,,True
l3leaf,clab-clos-large-leaf7,Ethernet20,network_port,,,True
l3leaf,clab-clos-large-leaf7,Ethernet21,network_port,,,True
l3leaf,clab-clos-large-leaf7,Ethernet22,network_port,,,True
l3leaf,clab-clos-large-leaf7,Ethernet23,network_port,,,True
l3leaf,clab-clos-large-leaf7,Ethernet24,network_port,,,True
l3leaf,clab-clos-large-leaf7,Ethernet25,network_port,,,True
l3leaf,clab-clos-large-leaf7,Ethernet26,network_port,,,True
l3leaf,clab-clos-large-leaf7,Ethernet27,network_port,,,True
l3leaf,clab-clos-large-leaf7,Ethernet28,network_port,,,True
l3leaf,clab-clos-large-leaf7,Ethernet29,network_port,,,True
l3leaf,clab-clos-large-leaf7,Ethernet30,network_port,,,True
l3leaf,clab-clos-large-leaf8,Ethernet1,mlag_peer,clab-clos-large-leaf7,Ethernet1,True
l3leaf,clab-clos-large-leaf8,Ethernet2,mlag_peer,clab-clos-large-leaf7,Ethernet2,True
l3leaf,clab-clos-large-leaf8,Ethernet3,spine,clab-clos-large-spine1,Ethernet9,True
l3leaf,clab-clos-large-leaf8,Ethernet4,spine,clab-clos-large-spine2,Ethernet9,True
l3leaf,clab-clos-large-leaf8,Ethernet5,spine,clab-clos-large-spine3,Ethernet9,True
l3leaf,clab-clos-large-leaf8,Ethernet7,network_port,,,True
l3leaf,clab-clos-large-leaf8,Ethernet8,network_port,,,True
l3leaf,clab-clos-large-leaf8,Ethernet9,network_port,,,True
l3leaf,clab-clos-large-leaf8,Ethernet10,network_port,,,True
l3leaf,clab-clos-large-leaf8,Ethernet11,network_port,,,True
l3leaf,clab-clos-large-leaf8,Ethernet12,network_port,,,True
l3leaf,clab-clos-large-leaf8,Ethernet13,network_port,,,True
l3leaf,clab-clos-large-leaf8,Ethernet14,network_port,,,True
l3leaf,clab-clos-large-leaf8,Ethernet15,network_port,,,True
l3leaf,clab-clos-large-leaf8,Ethernet16,network_port,,,True
l3leaf,clab-clos-large-leaf8,Ethernet17,network_port,,,True
l3leaf,clab-clos-large-leaf8,Ethernet18,network_port,,,True
l3leaf,clab-clos-large-leaf8,Ethernet19,network_port,,,True
l3leaf,clab-clos-large-leaf8,Ethernet20,network_port,,,True
l3leaf,clab-clos-large-leaf8,Ethernet21,network_port,,,True
l3leaf,clab-clos-large-leaf8,Ethernet22,network_port,,,True
l3leaf,clab-clos-large-leaf8,Ethernet23,network_port,,,True
l3leaf,clab-clos-large-leaf8,Ethernet24,network_port,,,True
l3leaf,clab-clos-large-leaf8,Ethernet25,network_port,,,True
l3leaf,clab-clos-large-leaf8,Ethernet26,network_port,,,True
l3leaf,clab-clos-large-leaf8,Ethernet27,network_port,,,True
l3leaf,clab-clos-large-leaf8,Ethernet28,network_port,,,True
l3leaf,clab-clos-large-leaf8,Ethernet29,network_port,,,True
l3leaf,clab-clos-large-leaf8,Ethernet30,network_port,,,True
l3leaf,clab-clos-large-leaf9,Ethernet1,mlag_peer,clab-clos-large-leaf10,Ethernet1,True
l3leaf,clab-clos-large-leaf9,Ethernet2,mlag_peer,clab-clos-large-leaf10,Ethernet2,True
l3leaf,clab-clos-large-leaf9,Ethernet3,spine,clab-clos-large-spine1,Ethernet10,True
l3leaf,clab-clos-large-leaf9,Ethernet4,spine,clab-clos-large-spine2,Ethernet10,True
l3leaf,clab-clos-large-leaf9,Ethernet5,spine,clab-clos-large-spine3,Ethernet10,True
l3leaf,clab-clos-large-leaf9,Ethernet7,network_port,,,True
l3leaf,clab-clos-large-leaf9,Ethernet8,network_port,,,True
l3leaf,clab-clos-large-leaf9,Ethernet9,network_port,,,True
l3leaf,clab-clos-large-leaf9,Ethernet10,network_port,,,True
l3leaf,clab-clos-large-leaf9,Ethernet11,network_port,,,True
l3leaf,clab-clos-large-leaf9,Ethernet12,network_port,,,True
l3leaf,clab-clos-large-leaf9,Ethernet13,network_port,,,True
l3leaf,clab-clos-large-leaf9,Ethernet14,network_port,,,True
l3leaf,clab-clos-large-leaf9,Ethernet15,network_port,,,True
l3leaf,clab-clos-large-leaf9,Ethernet16,network_port,,,True
l3leaf,clab-clos-large-leaf9,Ethernet17,network_port,,,True
l3leaf,clab-clos-large-leaf9,Ethernet18,network_port,,,True
l3leaf,clab-clos-large-leaf9,Ethernet19,network_port,,,True
l3leaf,clab-clos-large-leaf9,Ethernet20,network_port,,,True
l3leaf,clab-clos-large-leaf9,Ethernet21,network_port,,,True
l3leaf,clab-clos-large-leaf9,Ethernet22,network_port,,,True
l3leaf,clab-clos-large-leaf9,Ethernet23,network_port,,,True
l3leaf,clab-clos-large-leaf9,Ethernet24,network_port,,,True
l3leaf,clab-clos-large-leaf9,Ethernet25,network_port,,,True
l3leaf,clab-clos-large-leaf9,Ethernet26,network_port,,,True
l3leaf,clab-clos-large-leaf9,Ethernet27,network_port,,,True
l3leaf,clab-clos-large-leaf9,Ethernet28,network_port,,,True
l3leaf,clab-clos-large-leaf9,Ethernet29,network_port,,,True
l3leaf,clab-clos-large-leaf9,Ethernet30,network_port,,,True
l3leaf,clab-clos-large-leaf10,Ethernet1,mlag_peer,clab-clos-large-leaf9,Ethernet1,True
l3leaf,clab-clos-large-leaf10,Ethernet2,mlag_peer,clab-clos-large-leaf9,Ethernet2,True
l3leaf,clab-clos-large-leaf10,Ethernet3,spine,clab-clos-large-spine1,Ethernet11,True
l3leaf,clab-clos-large-leaf10,Ethernet4,spine,clab-clos-large-spine2,Ethernet11,True
l3leaf,clab-clos-large-leaf10,Ethernet5,spine,clab-clos-large-spine3,Ethernet11,True
l3leaf,clab-clos-large-leaf10,Ethernet7,network_port,,,True
l3leaf,clab-clos-large-leaf10,Ethernet8,network_port,,,True
l3leaf,clab-clos-large-leaf10,Ethernet9,network_port,,,True
l3leaf,clab-clos-large-leaf10,Ethernet10,network_port,,,True
l3leaf,clab-clos-large-leaf10,Ethernet11,network_port,,,True
l3leaf,clab-clos-large-leaf10,Ethernet12,network_port,,,True
l3leaf,clab-clos-large-leaf10,Ethernet13,network_port,,,True
l3leaf,clab-clos-large-leaf10,Ethernet14,network_port,,,True
l3leaf,clab-clos-large-leaf10,Ethernet15,network_port,,,True
l3leaf,clab-clos-large-leaf10,Ethernet16,network_port,,,True
l3leaf,clab-clos-large-leaf10,Ethernet17,network_port,,,True
l3leaf,clab-clos-large-leaf10,Ethernet18,network_port,,,True
l3leaf,clab-clos-large-leaf10,Ethernet19,network_port,,,True
l3leaf,clab-clos-large-leaf10,Ethernet20,network_port,,,True
l3leaf,clab-clos-large-leaf10,Ethernet21,network_port,,,True
l3leaf,clab-clos-large-leaf10,Ethernet22,network_port,,,True
l3leaf,clab-clos-large-leaf10,Ethernet23,network_port,,,True
l3leaf,clab-clos-large-leaf10,Ethernet24,network_port,,,True
l3leaf,clab-clos-large-leaf10,Ethernet25,network_port,,,True
l3leaf,clab-clos-large-leaf10,Ethernet26,network_port,,,True
l3leaf,clab-clos-large-leaf10,Ethernet27,network_port,,,True
l3leaf,clab-clos-large-leaf10,Ethernet28,network_port,,,True
l3leaf,clab-clos-large-leaf10,Ethernet29,network_port,,,True
l3leaf,clab-clos-large-leaf10,Ethernet30,network_port,,,True
l3leaf,clab-clos-large-leaf11,Ethernet1,mlag_peer,clab-clos-large-leaf12,Ethernet1,True
l3leaf,clab-clos-large-leaf11,Ethernet2,mlag_peer,clab-clos-large-leaf12,Ethernet2,True
l3leaf,clab-clos-large-leaf11,Ethernet3,spine,clab-clos-large-spine1,Ethernet12,True
l3leaf,clab-clos-large-leaf11,Ethernet4,spine,clab-clos-large-spine2,Ethernet12,True
l3leaf,clab-clos-large-leaf11,Ethernet5,spine,clab-clos-large-spine3,Ethernet12,True
l3leaf,clab-clos-large-leaf11,Ethernet7,network_port,,,True
l3leaf,clab-clos-large-leaf11,Ethernet8,network_port,,,True
l3leaf,clab-clos-large-leaf11,Ethernet9,network_port,,,True
l3leaf,clab-clos-large-leaf11,Ethernet10,network_port,,,True
l3leaf,clab-clos-large-leaf11,Ethernet11,network_port,,,True
l3leaf,clab-clos-large-leaf11,Ethernet12,network_port,,,True
l3leaf,clab-clos-large-leaf11,Ethernet13,network_port,,,True
l3leaf,clab-clos-large-leaf11,Ethernet14,network_port,,,True
l3leaf,clab-clos-large-leaf11,Ethernet15,network_port,,,True
l3leaf,clab-clos-large-leaf11,Ethernet16,network_port,,,True
l3leaf,clab-clos-large-leaf11,Ethernet17,network_port,,,True
l3leaf,clab-clos-large-leaf11,Ethernet18,network_port,,,True
l3leaf,clab-clos-large-leaf11,Ethernet19,network_port,,,True
l3leaf,clab-clos-large-leaf11,Ethernet20,network_port,,,True
l3leaf,clab-clos-large-leaf11,Ethernet21,network_port,,,True
l3leaf,clab-clos-large-leaf11,Ethernet22,network_port,,,True
l3leaf,clab-clos-large-leaf11,Ethernet23,network_port,,,True
l3leaf,clab-clos-large-leaf11,Ethernet24,network_port,,,True
l3leaf,clab-clos-large-leaf11,Ethernet25,network_port,,,True
l3leaf,clab-clos-large-leaf11,Ethernet26,network_port,,,True
l3leaf,clab-clos-large-leaf11,Ethernet27,network_port,,,True
l3leaf,clab-clos-large-leaf11,Ethernet28,network_port,,,True
l3leaf,clab-clos-large-leaf11,Ethernet29,network_port,,,True
l3leaf,clab-clos-large-leaf11,Ethernet30,network_port,,,True
l3leaf,clab-clos-large-leaf12,Ethernet1,mlag_peer,clab-clos-large-leaf11,Ethernet1,True
l3leaf,clab-clos-large-leaf12,Ethernet2,mlag_peer,clab-clos-large-leaf11,Ethernet2,True
l3leaf,clab-clos-large-leaf12,Ethernet3,spine,clab-clos-large-spine1,Ethernet13,True
l3leaf,clab-clos-large-leaf12,Ethernet4,spine,clab-clos-large-spine2,Ethernet13,True
l3leaf,clab-clos-large-leaf12,Ethernet5,spine,clab-clos-large-spine3,Ethernet13,True
l3leaf,clab-clos-large-leaf12,Ethernet7,network_port,,,True
l3leaf,clab-clos-large-leaf12,Ethernet8,network_port,,,True
l3leaf,clab-clos-large-leaf12,Ethernet9,network_port,,,True
l3leaf,clab-clos-large-leaf12,Ethernet10,network_port,,,True
l3leaf,clab-clos-large-leaf12,Ethernet11,network_port,,,True
l3leaf,clab-clos-large-leaf12,Ethernet12,network_port,,,True
l3leaf,clab-clos-large-leaf12,Ethernet13,network_port,,,True
l3leaf,clab-clos-large-leaf12,Ethernet14,network_port,,,True
l3leaf,clab-clos-large-leaf12,Ethernet15,network_port,,,True
l3leaf,clab-clos-large-leaf12,Ethernet16,network_port,,,True
l3leaf,clab-clos-large-leaf12,Ethernet17,network_port,,,True
l3leaf,clab-clos-large-leaf12,Ethernet18,network_port,,,True
l3leaf,clab-clos-large-leaf12,Ethernet19,network_port,,,True
l3leaf,clab-clos-large-leaf12,Ethernet20,network_port,,,True
l3leaf,clab-clos-large-leaf12,Ethernet21,network_port,,,True
l3leaf,clab-clos-large-leaf12,Ethernet22,network_port,,,True
l3leaf,clab-clos-large-leaf12,Ethernet23,network_port,,,True
l3leaf,clab-clos-large-leaf12,Ethernet24,network_port,,,True
l3leaf,clab-clos-large-leaf12,Ethernet25,network_port,,,True
l3leaf,clab-clos-large-leaf12,Ethernet26,network_port,,,True
l3leaf,clab-clos-large-leaf12,Ethernet27,network_port,,,True
l3leaf,clab-clos-large-leaf12,Ethernet28,network_port,,,True
l3leaf,clab-clos-large-leaf12,Ethernet29,network_port,,,True
l3leaf,clab-clos-large-leaf12,Ethernet30,network_port,,,True
l3leaf,clab-clos-large-leaf13,Ethernet1,mlag_peer,clab-clos-large-leaf14,Ethernet1,True
l3leaf,clab-clos-large-leaf13,Ethernet2,mlag_peer,clab-clos-large-leaf14,Ethernet2,True
l3leaf,clab-clos-large-leaf13,Ethernet3,spine,clab-clos-large-spine1,Ethernet14,True
l3leaf,clab-clos-large-leaf13,Ethernet4,spine,clab-clos-large-spine2,Ethernet14,True
l3leaf,clab-clos-large-leaf13,Ethernet5,spine,clab-clos-large-spine3,Ethernet14,True
l3leaf,clab-clos-large-leaf13,Ethernet7,network_port,,,True
l3leaf,clab-clos-large-leaf13,Ethernet8,network_port,,,True
l3leaf,clab-clos-large-leaf13,Ethernet9,network_port,,,True
l3leaf,clab-clos-large-leaf13,Ethernet10,network_port,,,True
l3leaf,clab-clos-large-leaf13,Ethernet11,network_port,,,True
l3leaf,clab-clos-large-leaf13,Ethernet12,network_port,,,True
l3leaf,clab-clos-large-leaf13,Ethernet13,network_port,,,True
l3leaf,clab-clos-large-leaf13,Ethernet14,network_port,,,True
l3leaf,clab-clos-large-leaf13,Ethernet15,network_port,,,True
l3leaf,clab-clos-large-leaf13,Ethernet16,network_port,,,True
l3leaf,clab-clos-large-leaf13,Ethernet17,network_port,,,True
l3leaf,clab-clos-large-leaf13,Ethernet18,network_port,,,True
l3leaf,clab-clos-large-leaf13,Ethernet19,network_port,,,True
l3leaf,clab-clos-large-leaf13,Ethernet20,network_port,,,True
l3leaf,clab-clos-large-leaf13,Ethernet21,network_port,,,True
l3leaf,clab-clos-large-leaf13,Ethernet22,network_port,,,True
l3leaf,clab-clos-large-leaf13,Ethernet23,network_port,,,True
l3leaf,clab-clos-large-leaf13,Ethernet24,network_port,,,True
l3leaf,clab-clos-large-leaf13,Ethernet25,network_port,,,True
l3leaf,clab-clos-large-leaf13,Ethernet26,network_port,,,True
l3leaf,clab-clos-large-leaf13,Ethernet27,network_port,,,True
l3leaf,clab-clos-large-leaf13,Ethernet28,network_port,,,True
l3leaf,clab-clos-large-leaf13,Ethernet29,network_port,,,True
l3leaf,clab-clos-large-leaf13,Ethernet30,network_port,,,True
l3leaf,clab-clos-large-leaf14,Ethernet1,mlag_peer,clab-clos-large-leaf13,Ethernet1,True
l3leaf,clab-clos-large-leaf14,Ethernet2,mlag_peer,clab-clos-large-leaf13,Ethernet2,True
l3leaf,clab-clos-large-leaf14,Ethernet3,spine,clab-clos-large-spine1,Ethernet15,True
l3leaf,clab-clos-large-leaf14,Ethernet4,spine,clab-clos-large-spine2,Ethernet15,True
l3leaf,clab-clos-large-leaf14,Ethernet5,spine,clab-clos-large-spine3,Ethernet15,True
l3leaf,clab-clos-large-leaf14,Ethernet7,network_port,,,True
l3leaf,clab-clos-large-leaf14,Ethernet8,network_port,,,True
l3leaf,clab-clos-large-leaf14,Ethernet9,network_port,,,True
l3leaf,clab-clos-large-leaf14,Ethernet10,network_port,,,True
l3leaf,clab-clos-large-leaf14,Ethernet11,network_port,,,True
l3leaf,clab-clos-large-leaf14,Ethernet12,network_port,,,True
l3leaf,clab-clos-large-leaf14,Ethernet13,network_port,,,True
l3leaf,clab-clos-large-leaf14,Ethernet14,network_port,,,True
l3leaf,clab-clos-large-leaf14,Ethernet15,network_port,,,True
l3leaf,clab-clos-large-leaf14,Ethernet16,network_port,,,True
l3leaf,clab-clos-large-leaf14,Ethernet17,network_port,,,True
l3leaf,clab-clos-large-leaf14,Ethernet18,network_port,,,True
l3leaf,clab-clos-large-leaf14,Ethernet19,network_port,,,True
l3leaf,clab-clos-large-leaf14,Ethernet20,network_port,,,True
l3leaf,clab-clos-large-leaf14,Ethernet21,network_port,,,True
l3leaf,clab-clos-large-leaf14,Ethernet22,network_port,,,True
l3leaf,clab-clos-large-leaf14,Ethernet23,network_port,,,True
l3leaf,clab-clos-large-leaf14,Ethernet24,network_port,,,True
l3leaf,clab-clos-large-leaf14,Ethernet25,network_port,,,True
l3leaf,clab-clos-large-leaf14,Ethernet26,network_port,,,True
l3leaf,clab-clos-large-leaf14,Ethernet27,network_port,,,True
l3leaf,clab-clos-large-leaf14,Ethernet28,network_port,,,True
l3leaf,clab-clos-large-leaf14,Ethernet29,network_port,,,True
l3leaf,clab-clos-large-leaf14,Ethernet30,network_port,,,True
l3leaf,clab-clos-large-leaf15,Ethernet1,mlag_peer,clab-clos-large-leaf16,Ethernet1,True
l3leaf,clab-clos-large-leaf15,Ethernet2,mlag_peer,clab-clos-large-leaf16,Ethernet2,True
l3leaf,clab-clos-large-leaf15,Ethernet3,spine,clab-clos-large-spine1,Ethernet16,True
l3leaf,clab-clos-large-leaf15,Ethernet4,spine,clab-clos-large-spine2,Ethernet16,True
l3leaf,clab-clos-large-leaf15,Ethernet5,spine,clab-clos-large-spine3,Ethernet16,True
l3leaf,clab-clos-large-leaf15,Ethernet7,network_port,,,True
l3leaf,clab-clos-large-leaf15,Ethernet8,network_port,,,True
l3leaf,clab-clos-large-leaf15,Ethernet9,network_port,,,True
l3leaf,clab-clos-large-leaf15,Ethernet10,network_port,,,True
l3leaf,clab-clos-large-leaf15,Ethernet11,network_port,,,True
l3leaf,clab-clos-large-leaf15,Ethernet12,network_port,,,True
l3leaf,clab-clos-large-leaf15,Ethernet13,network_port,,,True
l3leaf,clab-clos-large-leaf15,Ethernet14,network_port,,,True
l3leaf,clab-clos-large-leaf15,Ethernet15,network_port,,,True
l3leaf,clab-clos-large-leaf15,Ethernet16,network_port,,,True
l3leaf,clab-clos-large-leaf15,Ethernet17,network_port,,,True
l3leaf,clab-clos-large-leaf15,Ethernet18,network_port,,,True
l3leaf,clab-clos-large-leaf15,Ethernet19,network_port,,,True
l3leaf,clab-clos-large-leaf15,Ethernet20,network_port,,,True
l3leaf,clab-clos-large-leaf15,Ethernet21,network_port,,,True
l3leaf,clab-clos-large-leaf15,Ethernet22,network_port,,,True
l3leaf,clab-clos-large-leaf15,Ethernet23,network_port,,,True
l3leaf,clab-clos-large-leaf15,Ethernet24,network_port,,,True
l3leaf,clab-clos-large-leaf15,Ethernet25,network_port,,,True
l3leaf,clab-clos-large-leaf15,Ethernet26,network_port,,,True
l3leaf,clab-clos-large-leaf15,Ethernet27,network_port,,,True
l3leaf,clab-clos-large-leaf15,Ethernet28,network_port,,,True
l3leaf,clab-clos-large-leaf15,Ethernet29,network_port,,,True
l3leaf,clab-clos-large-leaf15,Ethernet30,network_port,,,True
l3leaf,clab-clos-large-leaf16,Ethernet1,mlag_peer,clab-clos-large-leaf15,Ethernet1,True
l3leaf,clab-clos-large-leaf16,Ethernet2,mlag_peer,clab-clos-large-leaf15,Ethernet2,True
l3leaf,clab-clos-large-leaf16,Ethernet3,spine,clab-clos-large-spine1,Ethernet17,True
l3leaf,clab-clos-large-leaf16,Ethernet4,spine,clab-clos-large-spine2,Ethernet17,True
l3leaf,clab-clos-large-leaf16,Ethernet5,spine,clab-clos-large-spine3,Ethernet17,True
l3leaf,clab-clos-large-leaf16,Ethernet7,network_port,,,True
l3leaf,clab-clos-large-leaf16,Ethernet8,network_port,,,True
l3leaf,clab-clos-large-leaf16,Ethernet9,network_port,,,True
l3leaf,clab-clos-large-leaf16,Ethernet10,network_port,,,True
l3leaf,clab-clos-large-leaf16,Ethernet11,network_port,,,True
l3leaf,clab-clos-large-leaf16,Ethernet12,network_port,,,True
l3leaf,clab-clos-large-leaf16,Ethernet13,network_port,,,True
l3leaf,clab-clos-large-leaf16,Ethernet14,network_port,,,True
l3leaf,clab-clos-large-leaf16,Ethernet15,network_port,,,True
l3leaf,clab-clos-large-leaf16,Ethernet16,network_port,,,True
l3leaf,clab-clos-large-leaf16,Ethernet17,network_port,,,True
l3leaf,clab-clos-large-leaf16,Ethernet18,network_port,,,True
l3leaf,clab-clos-large-leaf16,Ethernet19,network_port,,,True
l3leaf,clab-clos-large-leaf16,Ethernet20,network_port,,,True
l3leaf,clab-clos-large-leaf16,Ethernet21,network_port,,,True
l3leaf,clab-clos-large-leaf16,Ethernet22,network_port,,,True
l3leaf,clab-clos-large-leaf16,Ethernet23,network_port,,,True
l3leaf,clab-clos-large-leaf16,Ethernet24,network_port,,,True
l3leaf,clab-clos-large-leaf16,Ethernet25,network_port,,,True
l3leaf,clab-clos-large-leaf16,Ethernet26,network_port,,,True
l3leaf,clab-clos-large-leaf16,Ethernet27,network_port,,,True
l3leaf,clab-clos-large-leaf16,Ethernet28,network_port,,,True
l3leaf,clab-clos-large-leaf16,Ethernet29,network_port,,,True
l3leaf,clab-clos-large-leaf16,Ethernet30,network_port,,,True
l3leaf,clab-clos-large-leaf17,Ethernet1,mlag_peer,clab-clos-large-leaf18,Ethernet1,True
l3leaf,clab-clos-large-leaf17,Ethernet2,mlag_peer,clab-clos-large-leaf18,Ethernet2,True
l3leaf,clab-clos-large-leaf17,Ethernet3,spine,clab-clos-large-spine1,Ethernet18,True
l3leaf,clab-clos-large-leaf17,Ethernet4,spine,clab-clos-large-spine2,Ethernet18,True
l3leaf,clab-clos-large-leaf17,Ethernet5,spine,clab-clos-large-spine3,Ethernet18,True
l3leaf,clab-clos-large-leaf17,Ethernet7,network_port,,,True
l3leaf,clab-clos-large-leaf17,Ethernet8,network_port,,,True
l3leaf,clab-clos-large-leaf17,Ethernet9,network_port,,,True
l3leaf,clab-clos-large-leaf17,Ethernet10,network_port,,,True
l3leaf,clab-clos-large-leaf17,Ethernet11,network_port,,,True
l3leaf,clab-clos-large-leaf17,Ethernet12,network_port,,,True
l3leaf,clab-clos-large-leaf17,Ethernet13,network_port,,,True
l3leaf,clab-clos-large-leaf17,Ethernet14,network_port,,,True
l3leaf,clab-clos-large-leaf17,Ethernet15,network_port,,,True
l3leaf,clab-clos-large-leaf17,Ethernet16,network_port,,,True
l3leaf,clab-clos-large-leaf17,Ethernet17,network_port,,,True
l3leaf,clab-clos-large-leaf17,Ethernet18,network_port,,,True
l3leaf,clab-clos-large-leaf17,Ethernet19,network_port,,,True
l3leaf,clab-clos-large-leaf17,Ethernet20,network_port,,,True
l3leaf,clab-clos-large-leaf17,Ethernet21,network_port,,,True
l3leaf,clab-clos-large-leaf17,Ethernet22,network_port,,,True
l3leaf,clab-clos-large-leaf17,Ethernet23,network_port,,,True
l3leaf,clab-clos-large-leaf17,Ethernet24,network_port,,,True
l3leaf,clab-clos-large-leaf17,Ethernet25,network_port,,,True
l3leaf,clab-clos-large-leaf17,Ethernet26,network_port,,,True
l3leaf,clab-clos-large-leaf17,Ethernet27,network_port,,,True
l3leaf,clab-clos-large-leaf17,Ethernet28,network_port,,,True
l3leaf,clab-clos-large-leaf17,Ethernet29,network_port,,,True
l3leaf,clab-clos-large-leaf17,Ethernet30,network_port,,,True
l3leaf,clab-clos-large-leaf18,Ethernet1,mlag_peer,clab-clos-large-leaf17,Ethernet1,True
l3leaf,clab-clos-large-leaf18,Ethernet2,mlag_peer,clab-clos-large-leaf17,Ethernet2,True
l3leaf,clab-clos-large-leaf18,Ethernet3,spine,clab-clos-large-spine1,Ethernet19,True
l3leaf,clab-clos-large-leaf18,Ethernet4,spine,clab-clos-large-spine2,Ethernet19,True
l3leaf,clab-clos-large-leaf18,Ethernet5,spine,clab-clos-large-spine3,Ethernet19,True
l3leaf,clab-clos-large-leaf18,Ethernet7,network_port,,,True
l3leaf,clab-clos-large-leaf18,Ethernet8,network_port,,,True
l3leaf,clab-clos-large-leaf18,Ethernet9,network_port,,,True
l3leaf,clab-clos-large-leaf18,Ethernet10,network_port,,,True
l3leaf,clab-clos-large-leaf18,Ethernet11,network_port,,,True
l3leaf,clab-clos-large-leaf18,Ethernet12,network_port,,,True
l3leaf,clab-clos-large-leaf18,Ethernet13,network_port,,,True
l3leaf,clab-clos-large-leaf18,Ethernet14,network_port,,,True
l3leaf,clab-clos-large-leaf18,Ethernet15,network_port,,,True
l3leaf,clab-clos-large-leaf18,Ethernet16,network_port,,,True
l3leaf,clab-clos-large-leaf18,Ethernet17,network_port,,,True
l3leaf,clab-clos-large-leaf18,Ethernet18,network_port,,,True
l3leaf,clab-clos-large-leaf18,Ethernet19,network_port,,,True
l3leaf,clab-clos-large-leaf18,Ethernet20,network_port,,,True
l3leaf,clab-clos-large-leaf18,Ethernet21,network_port,,,True
l3leaf,clab-clos-large-leaf18,Ethernet22,network_port,,,True
l3leaf,clab-clos-large-leaf18,Ethernet23,network_port,,,True
l3leaf,clab-clos-large-leaf18,Ethernet24,network_port,,,True
l3leaf,clab-clos-large-leaf18,Ethernet25,network_port,,,True
l3leaf,clab-clos-large-leaf18,Ethernet26,network_port,,,True
l3leaf,clab-clos-large-leaf18,Ethernet27,network_port,,,True
l3leaf,clab-clos-large-leaf18,Ethernet28,network_port,,,True
l3leaf,clab-clos-large-leaf18,Ethernet29,network_port,,,True
l3leaf,clab-clos-large-leaf18,Ethernet30,network_port,,,True
l3leaf,clab-clos-large-leaf19,Ethernet1,mlag_peer,clab-clos-large-leaf20,Ethernet1,True
l3leaf,clab-clos-large-leaf19,Ethernet2,mlag_peer,clab-clos-large-leaf20,Ethernet2,True
l3leaf,clab-clos-large-leaf19,Ethernet3,spine,clab-clos-large-spine1,Ethernet20,True
l3leaf,clab-clos-large-leaf19,Ethernet4,spine,clab-clos-large-spine2,Ethernet20,True
l3leaf,clab-clos-large-leaf19,Ethernet5,spine,clab-clos-large-spine3,Ethernet20,True
l3leaf,clab-clos-large-leaf19,Ethernet7,network_port,,,True
l3leaf,clab-clos-large-leaf19,Ethernet8,network_port,,,True
l3leaf,clab-clos-large-leaf19,Ethernet9,network_port,,,True
l3leaf,clab-clos-large-leaf19,Ethernet10,network_port,,,True
l3leaf,clab-clos-large-leaf19,Ethernet11,network_port,,,True
l3leaf,clab-clos-large-leaf19,Ethernet12,network_port,,,True
l3leaf,clab-clos-large-leaf19,Ethernet13,network_port,,,True
l3leaf,clab-clos-large-leaf19,Ethernet14,network_port,,,True
l3leaf,clab-clos-large-leaf19,Ethernet15,network_port,,,True
l3leaf,clab-clos-large-leaf19,Ethernet16,network_port,,,True
l3leaf,clab-clos-large-leaf19,Ethernet17,network_port,,,True
l3leaf,clab-clos-large-leaf19,Ethernet18,network_port,,,True
l3leaf,clab-clos-large-leaf19,Ethernet19,network_port,,,True
l3leaf,clab-clos-large-leaf19,Ethernet20,network_port,,,True
l3leaf,clab-clos-large-leaf19,Ethernet21,network_port,,,True
l3leaf,clab-clos-large-leaf19,Ethernet22,network_port,,,True
l3leaf,clab-clos-large-leaf19,Ethernet23,network_port,,,True
l3leaf,clab-clos-large-leaf19,Ethernet24,network_port,,,True
l3leaf,clab-clos-large-leaf19,Ethernet25,network_port,,,True
l3leaf,clab-clos-large-leaf19,Ethernet26,network_port,,,True
l3leaf,clab-clos-large-leaf19,Ethernet27,network_port,,,True
l3leaf,clab-clos-large-leaf19,Ethernet28,network_port,,,True
l3leaf,clab-clos-large-leaf19,Ethernet29,network_port,,,True
l3leaf,clab-clos-large-leaf19,Ethernet30,network_port,,,True
l3leaf,clab-clos-large-leaf20,Ethernet1,mlag_peer,clab-clos-large-leaf19,Ethernet1,True
l3leaf,clab-clos-large-leaf20,Ethernet2,mlag_peer,clab-clos-large-leaf19,Ethernet2,True
l3leaf,clab-clos-large-leaf20,Ethernet3,spine,clab-clos-large-spine1,Ethernet21,True
l3leaf,clab-clos-large-leaf20,Ethernet4,spine,clab-clos-large-spine2,Ethernet21,True
l3leaf,clab-clos-large-leaf20,Ethernet5,spine,clab-clos-large-spine3,Ethernet21,True
l3leaf,clab-clos-large-leaf20,Ethernet7,network_port,,,True
l3leaf,clab-clos-large-leaf20,Ethernet8,network_port,,,True
l3leaf,clab-clos-large-leaf20,Ethernet9,network_port,,,True
l3leaf,clab-clos-large-leaf20,Ethernet10,network_port,,,True
l3leaf,clab-clos-large-leaf20,Ethernet11,network_port,,,True
l3leaf,clab-clos-large-leaf20,Ethernet12,network_port,,,True
l3leaf,clab-clos-large-leaf20,Ethernet13,network_port,,,True
l3leaf,clab-clos-large-leaf20,Ethernet14,network_port,,,True
l3leaf,clab-clos-large-leaf20,Ethernet15,network_port,,,True
l3leaf,clab-clos-large-leaf20,Ethernet16,network_port,,,True
l3leaf,clab-clos-large-leaf20,Ethernet17,network_port,,,True
l3leaf,clab-clos-large-leaf20,Ethernet18,network_port,,,True
l3leaf,clab-clos-large-leaf20,Ethernet19,network_port,,,True
l3leaf,clab-clos-large-leaf20,Ethernet20,network_port,,,True
l3leaf,clab-clos-large-leaf20,Ethernet21,network_port,,,True
l3leaf,clab-clos-large-leaf20,Ethernet22,network_port,,,True
l3leaf,clab-clos-large-leaf20,Ethernet23,network_port,,,True
l3leaf,clab-clos-large-leaf20,Ethernet24,network_port,,,True
l3leaf,clab-clos-large-leaf20,Ethernet25,network_port,,,True
l3leaf,clab-clos-large-leaf20,Ethernet26,network_port,,,True
l3leaf,clab-clos-large-leaf20,Ethernet27,network_port,,,True
l3leaf,clab-clos-large-leaf20,Ethernet28,network_port,,,True
l3leaf,clab-clos-large-leaf20,Ethernet29,network_port,,,True
l3leaf,clab-clos-large-leaf20,Ethernet30,network_port,,,True
l3leaf,clab-clos-large-leaf21,Ethernet1,mlag_peer,clab-clos-large-leaf22,Ethernet1,True
l3leaf,clab-clos-large-leaf21,Ethernet2,mlag_peer,clab-clos-large-leaf22,Ethernet2,True
l3leaf,clab-clos-large-leaf21,Ethernet3,spine,clab-clos-large-spine1,Ethernet22,True
l3leaf,clab-clos-large-leaf21,Ethernet4,spine,clab-clos-large-spine2,Ethernet22,True
l3leaf,clab-clos-large-leaf21,Ethernet5,spine,clab-clos-large-spine3,Ethernet22,True
l3leaf,clab-clos-large-leaf21,Ethernet7,network_port,,,True
l3leaf,clab-clos-large-leaf21,Ethernet8,network_port,,,True
l3leaf,clab-clos-large-leaf21,Ethernet9,network_port,,,True
l3leaf,clab-clos-large-leaf21,Ethernet10,network_port,,,True
l3leaf,clab-clos-large-leaf21,Ethernet11,network_port,,,True
l3leaf,clab-clos-large-leaf21,Ethernet12,network_port,,,True
l3leaf,clab-clos-large-leaf21,Ethernet13,network_port,,,True
l3leaf,clab-clos-large-leaf21,Ethernet14,network_port,,,True
l3leaf,clab-clos-large-leaf21,Ethernet15,network_port,,,True
l3leaf,clab-clos-large-leaf21,Ethernet16,network_port,,,True
l3leaf,clab-clos-large-leaf21,Ethernet17,network_port,,,True
l3leaf,clab-clos-large-leaf21,Ethernet18,network_port,,,True
l3leaf,clab-clos-large-leaf21,Ethernet19,network_port,,,True
l3leaf,clab-clos-large-leaf21,Ethernet20,network_port,,,True
l3leaf,clab-clos-large-leaf21,Ethernet21,network_port,,,True
l3leaf,clab-clos-large-leaf21,Ethernet22,network_port,,,True
l3leaf,clab-clos-large-leaf21,Ethernet23,network_port,,,True
l3leaf,clab-clos-large-leaf21,Ethernet24,network_port,,,True
l3leaf,clab-clos-large-leaf21,Ethernet25,network_port,,,True
l3leaf,clab-clos-large-leaf21,Ethernet26,network_port,,,True
l3leaf,clab-clos-large-leaf21,Ethernet27,network_port,,,True
l3leaf,clab-clos-large-leaf21,Ethernet28,network_port,,,True
l3leaf,clab-clos-large-leaf21,Ethernet29,network_port,,,True
l3leaf,clab-clos-large-leaf21,Ethernet30,network_port,,,True
l3leaf,clab-clos-large-leaf22,Ethernet1,mlag_peer,clab-clos-large-leaf21,Ethernet1,True
l3leaf,clab-clos-large-leaf22,Ethernet2,mlag_peer,clab-clos-large-leaf21,Ethernet2,True
l3leaf,clab-clos-large-leaf22,Ethernet3,spine,clab-clos-large-spine1,Ethernet23,True
l3leaf,clab-clos-large-leaf22,Ethernet4,spine,clab-clos-large-spine2,Ethernet23,True
l3leaf,clab-clos-large-leaf22,Ethernet5,spine,clab-clos-large-spine3,Ethernet23,True
l3leaf,clab-clos-large-leaf22,Ethernet7,network_port,,,True
l3leaf,clab-clos-large-leaf22,Ethernet8,network_port,,,True
l3leaf,clab-clos-large-leaf22,Ethernet9,network_port,,,True
l3leaf,clab-clos-large-leaf22,Ethernet10,network_port,,,True
l3leaf,clab-clos-large-leaf22,Ethernet11,network_port,,,True
l3leaf,clab-clos-large-leaf22,Ethernet12,network_port,,,True
l3leaf,clab-clos-large-leaf22,Ethernet13,network_port,,,True
l3leaf,clab-clos-large-leaf22,Ethernet14,network_port,,,True
l3leaf,clab-clos-large-leaf22,Ethernet15,network_port,,,True
l3leaf,clab-clos-large-leaf22,Ethernet16,network_port,,,True
l3leaf,clab-clos-large-leaf22,Ethernet17,network_port,,,True
l3leaf,clab-clos-large-leaf22,Ethernet18,network_port,,,True
l3leaf,clab-clos-large-leaf22,Ethernet19,network_port,,,True
l3leaf,clab-clos-large-leaf22,Ethernet20,network_port,,,True
l3leaf,clab-clos-large-leaf22,Ethernet21,network_port,,,True
l3leaf,clab-clos-large-leaf22,Ethernet22,network_port,,,True
l3leaf,clab-clos-large-leaf22,Ethernet23,network_port,,,True
l3leaf,clab-clos-large-leaf22,Ethernet24,network_port,,,True
l3leaf,clab-clos-large-leaf22,Ethernet25,network_port,,,True
l3leaf,clab-clos-large-leaf22,Ethernet26,network_port,,,True
l3leaf,clab-clos-large-leaf22,Ethernet27,network_port,,,True
l3leaf,clab-clos-large-leaf22,Ethernet28,network_port,,,True
l3leaf,clab-clos-large-leaf22,Ethernet29,network_port,,,True
l3leaf,clab-clos-large-leaf22,Ethernet30,network_port,,,True
l3leaf,clab-clos-large-leaf23,Ethernet1,mlag_peer,clab-clos-large-leaf24,Ethernet1,True
l3leaf,clab-clos-large-leaf23,Ethernet2,mlag_peer,clab-clos-large-leaf24,Ethernet2,True
l3leaf,clab-clos-large-leaf23,Ethernet3,spine,clab-clos-large-spine1,Ethernet24,True
l3leaf,clab-clos-large-leaf23,Ethernet4,spine,clab-clos-large-spine2,Ethernet24,True
l3leaf,clab-clos-large-leaf23,Ethernet5,spine,clab-clos-large-spine3,Ethernet24,True
l3leaf,clab-clos-large-leaf23,Ethernet7,network_port,,,True
l3leaf,clab-clos-large-leaf23,Ethernet8,network_port,,,True
l3leaf,clab-clos-large-leaf23,Ethernet9,network_port,,,True
l3leaf,clab-clos-large-leaf23,Ethernet10,network_port,,,True
l3leaf,clab-clos-large-leaf23,Ethernet11,network_port,,,True
l3leaf,clab-clos-large-leaf23,Ethernet12,network_port,,,True
l3leaf,clab-clos-large-leaf23,Ethernet13,network_port,,,True
l3leaf,clab-clos-large-leaf23,Ethernet14,network_port,,,True
l3leaf,clab-clos-large-leaf23,Ethernet15,network_port,,,True
l3leaf,clab-clos-large-leaf23,Ethernet16,network_port,,,True
l3leaf,clab-clos-large-leaf23,Ethernet17,network_port,,,True
l3leaf,clab-clos-large-leaf23,Ethernet18,network_port,,,True
l3leaf,clab-clos-large-leaf23,Ethernet19,network_port,,,True
l3leaf,clab-clos-large-leaf23,Ethernet20,network_port,,,True
l3leaf,clab-clos-large-leaf23,Ethernet21,network_port,,,True
l3leaf,clab-clos-large-leaf23,Ethernet22,network_port,,,True
l3leaf,clab-clos-large-leaf23,Ethernet23,network_port,,,True
l3leaf,clab-clos-large-leaf23,Ethernet24,network_port,,,True
l3leaf,clab-clos-large-leaf23,Ethernet25,network_port,,,True
l3leaf,clab-clos-large-leaf23,Ethernet26,network_port,,,True
l3leaf,clab-clos-large-leaf23,Ethernet27,network_port,,,True
l3leaf,clab-clos-large-leaf23,Ethernet28,network_port,,,True
l3leaf,clab-clos-large-leaf23,Ethernet29,network_port,,,True
l3leaf,clab-clos-large-leaf23,Ethernet30,network_port,,,True
l3leaf,clab-clos-large-leaf24,Ethernet1,mlag_peer,clab-clos-large-leaf23,Ethernet1,True
l3leaf,clab-clos-large-leaf24,Ethernet2,mlag_peer,clab-clos-large-leaf23,Ethernet2,True
l3leaf,clab-clos-large-leaf24,Ethernet3,spine,clab-clos-large-spine1,Ethernet25,True
l3leaf,clab-clos-large-leaf24,Ethernet4,spine,clab-clos-large-spine2,Ethernet25,True
l3leaf,clab-clos-large-leaf24,Ethernet5,spine,clab-clos-large-spine3,Ethernet25,True
l3leaf,clab-clos-large-leaf24,Ethernet7,network_port,,,True
l3leaf,clab-clos-large-leaf24,Ethernet8,network_port,,,True
l3leaf,clab-clos-large-leaf24,Ethernet9,network_port,,,True
l3leaf,clab-clos-large-leaf24,Ethernet10,network_port,,,True
l3leaf,clab-clos-large-leaf24,Ethernet11,network_port,,,True
l3leaf,clab-clos-large-leaf24,Ethernet12,network_port,,,True
l3leaf,clab-clos-large-leaf24,Ethernet13,network_port,,,True
l3leaf,clab-clos-large-leaf24,Ethernet14,network_port,,,True
l3leaf,clab-clos-large-leaf24,Ethernet15,network_port,,,True
l3leaf,clab-clos-large-leaf24,Ethernet16,network_port,,,True
l3leaf,clab-clos-large-leaf24,Ethernet17,network_port,,,True
l3leaf,clab-clos-large-leaf24,Ethernet18,network_port,,,True
l3leaf,clab-clos-large-leaf24,Ethernet19,network_port,,,True
l3leaf,clab-clos-large-leaf24,Ethernet20,network_port,,,True
l3leaf,clab-clos-large-leaf24,Ethernet21,network_port,,,True
l3leaf,clab-clos-large-leaf24,Ethernet22,network_port,,,True
l3leaf,clab-clos-large-leaf24,Ethernet23,network_port,,,True
l3leaf,clab-clos-large-leaf24,Ethernet24,network_port,,,True
l3leaf,clab-clos-large-leaf24,Ethernet25,network_port,,,True
l3leaf,clab-clos-large-leaf24,Ethernet26,network_port,,,True
l3leaf,clab-clos-large-leaf24,Ethernet27,network_port,,,True
l3leaf,clab-clos-large-leaf24,Ethernet28,network_port,,,True
l3leaf,clab-clos-large-leaf24,Ethernet29,network_port,,,True
l3leaf,clab-clos-large-leaf24,Ethernet30,network_port,,,True
l3leaf,clab-clos-large-leaf25,Ethernet1,mlag_peer,clab-clos-large-leaf26,Ethernet1,True
l3leaf,clab-clos-large-leaf25,Ethernet2,mlag_peer,clab-clos-large-leaf26,Ethernet2,True
l3leaf,clab-clos-large-leaf25,Ethernet3,spine,clab-clos-large-spine1,Ethernet26,True
l3leaf,clab-clos-large-leaf25,Ethernet4,spine,clab-clos-large-spine2,Ethernet26,True
l3leaf,clab-clos-large-leaf25,Ethernet5,spine,clab-clos-large-spine3,Ethernet26,True
l3leaf,clab-clos-large-leaf25,Ethernet7,network_port,,,True
l3leaf,clab-clos-large-leaf25,Ethernet8,network_port,,,True
l3leaf,clab-clos-large-leaf25,Ethernet9,network_port,,,True
l3leaf,clab-clos-large-leaf25,Ethernet10,network_port,,,True
l3leaf,clab-clos-large-leaf25,Ethernet11,network_port,,,True
l3leaf,clab-clos-large-leaf25,Ethernet12,network_port,,,True
l3leaf,clab-clos-large-leaf25,Ethernet13,network_port,,,True
l3leaf,clab-clos-large-leaf25,Ethernet14,network_port,,,True
l3leaf,clab-clos-large-leaf25,Ethernet15,network_port,,,True
l3leaf,clab-clos-large-leaf25,Ethernet16,network_port,,,True
l3leaf,clab-clos-large-leaf25,Ethernet17,network_port,,,True
l3leaf,clab-clos-large-leaf25,Ethernet18,network_port,,,True
l3leaf,clab-clos-large-leaf25,Ethernet19,network_port,,,True
l3leaf,clab-clos-large-leaf25,Ethernet20,network_port,,,True
l3leaf,clab-clos-large-leaf25,Ethernet21,network_port,,,True
l3leaf,clab-clos-large-leaf25,Ethernet22,network_port,,,True
l3leaf,clab-clos-large-leaf25,Ethernet23,network_port,,,True
l3leaf,clab-clos-large-leaf25,Ethernet24,network_port,,,True
l3leaf,clab-clos-large-leaf25,Ethernet25,network_port,,,True
l3leaf,clab-clos-large-leaf25,Ethernet26,network_port,,,True
l3leaf,clab-clos-large-leaf25,Ethernet27,network_port,,,True
l3leaf,clab-clos-large-leaf25,Ethernet28,network_port,,,True
l3leaf,clab-clos-large-leaf25,Ethernet29,network_port,,,True
l3leaf,clab-clos-large-leaf25,Ethernet30,network_port,,,True
l3leaf,clab-clos-large-leaf26,Ethernet1,mlag_peer,clab-clos-large-leaf25,Ethernet1,True
l3leaf,clab-clos-large-leaf26,Ethernet2,mlag_peer,clab-clos-large-leaf25,Ethernet2,True
l3leaf,clab-clos-large-leaf26,Ethernet3,spine,clab-clos-large-spine1,Ethernet27,True
l3leaf,clab-clos-large-leaf26,Ethernet4,spine,clab-clos-large-spine2,Ethernet27,True
l3leaf,clab-clos-large-leaf26,Ethernet5,spine,clab-clos-large-spine3,Ethernet27,True
l3leaf,clab-clos-large-leaf26,Ethernet7,network_port,,,True
l3leaf,clab-clos-large-leaf26,Ethernet8,network_port,,,True
l3leaf,clab-clos-large-leaf26,Ethernet9,network_port,,,True
l3leaf,clab-clos-large-leaf26,Ethernet10,network_port,,,True
l3leaf,clab-clos-large-leaf26,Ethernet11,network_port,,,True
l3leaf,clab-clos-large-leaf26,Ethernet12,network_port,,,True
l3leaf,clab-clos-large-leaf26,Ethernet13,network_port,,,True
l3leaf,clab-clos-large-leaf26,Ethernet14,network_port,,,True
l3leaf,clab-clos-large-leaf26,Ethernet15,network_port,,,True
l3leaf,clab-clos-large-leaf26,Ethernet16,network_port,,,True
l3leaf,clab-clos-large-leaf26,Ethernet17,network_port,,,True
l3leaf,clab-clos-large-leaf26,Ethernet18,network_port,,,True
l3leaf,clab-clos-large-leaf26,Ethernet19,network_port,,,True
l3leaf,clab-clos-large-leaf26,Ethernet20,network_port,,,True
l3leaf,clab-clos-large-leaf26,Ethernet21,network_port,,,True
l3leaf,clab-clos-large-leaf26,Ethernet22,network_port,,,True
l3leaf,clab-clos-large-leaf26,Ethernet23,network_port,,,True
l3leaf,clab-clos-large-leaf26,Ethernet24,network_port,,,True
l3leaf,clab-clos-large-leaf26,Ethernet25,network_port,,,True
l3leaf,clab-clos-large-leaf26,Ethernet26,network_port,,,True
l3leaf,clab-clos-large-leaf26,Ethernet27,network_port,,,True
l3leaf,clab-clos-large-leaf26,Ethernet28,network_port,,,True
l3leaf,clab-clos-large-leaf26,Ethernet29,network_port,,,True
l3leaf,clab-clos-large-leaf26,Ethernet30,network_port,,,True
l3leaf,clab-clos-large-leaf27,Ethernet1,mlag_peer,clab-clos-large-leaf28,Ethernet1,True
l3leaf,clab-clos-large-leaf27,Ethernet2,mlag_peer,clab-clos-large-leaf28,Ethernet2,True
l3leaf,clab-clos-large-leaf27,Ethernet3,spine,clab-clos-large-spine1,Ethernet28,True
l3leaf,clab-clos-large-leaf27,Ethernet4,spine,clab-clos-large-spine2,Ethernet28,True
l3leaf,clab-clos-large-leaf27,Ethernet5,spine,clab-clos-large-spine3,Ethernet28,True
l3leaf,clab-clos-large-leaf27,Ethernet7,network_port,,,True
l3leaf,clab-clos-large-leaf27,Ethernet8,network_port,,,True
l3leaf,clab-clos-large-leaf27,Ethernet9,network_port,,,True
l3leaf,clab-clos-large-leaf27,Ethernet10,network_port,,,True
l3leaf,clab-clos-large-leaf27,Ethernet11,network_port,,,True
l3leaf,clab-clos-large-leaf27,Ethernet12,network_port,,,True
l3leaf,clab-clos-large-leaf27,Ethernet13,network_port,,,True
l3leaf,clab-clos-large-leaf27,Ethernet14,network_port,,,True
l3leaf,clab-clos-large-leaf27,Ethernet15,network_port,,,True
l3leaf,clab-clos-large-leaf27,Ethernet16,network_port,,,True
l3leaf,clab-clos-large-leaf27,Ethernet17,network_port,,,True
l3leaf,clab-clos-large-leaf27,Ethernet18,network_port,,,True
l3leaf,clab-clos-large-leaf27,Ethernet19,network_port,,,True
l3leaf,clab-clos-large-leaf27,Ethernet20,network_port,,,True
l3leaf,clab-clos-large-leaf27,Ethernet21,network_port,,,True
l3leaf,clab-clos-large-leaf27,Ethernet22,network_port,,,True
l3leaf,clab-clos-large-leaf27,Ethernet23,network_port,,,True
l3leaf,clab-clos-large-leaf27,Ethernet24,network_port,,,True
l3leaf,clab-clos-large-leaf27,Ethernet25,network_port,,,True
l3leaf,clab-clos-large-leaf27,Ethernet26,network_port,,,True
l3leaf,clab-clos-large-leaf27,Ethernet27,network_port,,,True
l3leaf,clab-clos-large-leaf27,Ethernet28,network_port,,,True
l3leaf,clab-clos-large-leaf27,Ethernet29,network_port,,,True
l3leaf,clab-clos-large-leaf27,Ethernet30,network_port,,,True
l3leaf,clab-clos-large-leaf28,Ethernet1,mlag_peer,clab-clos-large-leaf27,Ethernet1,True
l3leaf,clab-clos-large-leaf28,Ethernet2,mlag_peer,clab-clos-large-leaf27,Ethernet2,True
l3leaf,clab-clos-large-leaf28,Ethernet3,spine,clab-clos-large-spine1,Ethernet29,True
l3leaf,clab-clos-large-leaf28,Ethernet4,spine,clab-clos-large-spine2,Ethernet29,True
l3leaf,clab-clos-large-leaf28,Ethernet5,spine,clab-clos-large-spine3,Ethernet29,True
l3leaf,clab-clos-large-leaf28,Ethernet7,network_port,,,True
l3leaf,clab-clos-large-leaf28,Ethernet8,network_port,,,True
l3leaf,clab-clos-large-leaf28,Ethernet9,network_port,,,True
l3leaf,clab-clos-large-leaf28,Ethernet10,network_port,,,True
l3leaf,clab-clos-large-leaf28,Ethernet11,network_port,,,True
l3leaf,clab-clos-large-leaf28,Ethernet12,network_port,,,True
l3leaf,clab-clos-large-leaf28,Ethernet13,network_port,,,True
l3leaf,clab-clos-large-leaf28,Ethernet14,network_port,,,True
l3leaf,clab-clos-large-leaf28,Ethernet15,network_port,,,True
l3leaf,clab-clos-large-leaf28,Ethernet16,network_port,,,True
l3leaf,clab-clos-large-leaf28,Ethernet17,network_port,,,True
l3leaf,clab-clos-large-leaf28,Ethernet18,network_port,,,True
l3leaf,clab-clos-large-leaf28,Ethernet19,network_port,,,True
l3leaf,clab-clos-large-leaf28,Ethernet20,network_port,,,True
l3leaf,clab-clos-large-leaf28,Ethernet21,network_port,,,True
l3leaf,clab-clos-large-leaf28,Ethernet22,network_port,,,True
l3leaf,clab-clos-large-leaf28,Ethernet23,network_port,,,True
l3leaf,clab-clos-large-leaf28,Ethernet24,network_port,,,True
l3leaf,clab-clos-large-leaf28,Ethernet25,network_port,,,True
l3leaf,clab-clos-large-leaf28,Ethernet26,network_port,,,True
l3leaf,clab-clos-large-leaf28,Ethernet27,network_port,,,True
l3leaf,clab-clos-large-leaf28,Ethernet28,network_port,,,True
l3leaf,clab-clos-large-leaf28,Ethernet29,network_port,,,True
l3leaf,clab-clos-large-leaf28,Ethernet30,network_port,,,True
l3leaf,clab-clos-large-leaf29,Ethernet1,mlag_peer,clab-clos-large-leaf30,Ethernet1,True
l3leaf,clab-clos-large-leaf29,Ethernet2,mlag_peer,clab-clos-large-leaf30,Ethernet2,True
l3leaf,clab-clos-large-leaf29,Ethernet3,spine,clab-clos-large-spine1,Ethernet30,True
l3leaf,clab-clos-large-leaf29,Ethernet4,spine,clab-clos-large-spine2,Ethernet30,True
l3leaf,clab-clos-large-leaf29,Ethernet5,spine,clab-clos-large-spine3,Ethernet30,True
l3leaf,clab-clos-large-leaf29,Ethernet7,network_port,,,True
l3leaf,clab-clos-large-leaf29,Ethernet8,network_port,,,True
l3leaf,clab-clos-large-leaf29,Ethernet9,network_port,,,True
l3leaf,clab-clos-large-leaf29,Ethernet10,network_port,,,True
l3leaf,clab-clos-large-leaf29,Ethernet11,network_port,,,True
l3leaf,clab-clos-large-leaf29,Ethernet12,network_port,,,True
l3leaf,clab-clos-large-leaf29,Ethernet13,network_port,,,True
l3leaf,clab-clos-large-leaf29,Ethernet14,network_port,,,True
l3leaf,clab-clos-large-leaf29,Ethernet15,network_port,,,True
l3leaf,clab-clos-large-leaf29,Ethernet16,network_port,,,True
l3leaf,clab-clos-large-leaf29,Ethernet17,network_port,,,True
l3leaf,clab-clos-large-leaf29,Ethernet18,network_port,,,True
l3leaf,clab-clos-large-leaf29,Ethernet19,network_port,,,True
l3leaf,clab-clos-large-leaf29,Ethernet20,network_port,,,True
l3leaf,clab-clos-large-leaf29,Ethernet21,network_port,,,True
l3leaf,clab-clos-large-leaf29,Ethernet22,network_port,,,True
l3leaf,clab-clos-large-leaf29,Ethernet23,network_port,,,True
l3leaf,clab-clos-large-leaf29,Ethernet24,network_port,,,True
l3leaf,clab-clos-large-leaf29,Ethernet25,network_port,,,True
l3leaf,clab-clos-large-leaf29,Ethernet26,network_port,,,True
l3leaf,clab-clos-large-leaf29,Ethernet27,network_port,,,True
l3leaf,clab-clos-large-leaf29,Ethernet28,network_port,,,True
l3leaf,clab-clos-large-leaf29,Ethernet29,network_port,,,True
l3leaf,clab-clos-large-leaf29,Ethernet30,network_port,,,True
l3leaf,clab-clos-large-leaf30,Ethernet1,mlag_peer,clab-clos-large-leaf29,Ethernet1,True
l3leaf,clab-clos-large-leaf30,Ethernet2,mlag_peer,clab-clos-large-leaf29,Ethernet2,True
l3leaf,clab-clos-large-leaf30,Ethernet3,spine,clab-clos-large-spine1,Ethernet31,True
l3leaf,clab-clos-large-leaf30,Ethernet4,spine,clab-clos-large-spine2,Ethernet31,True
l3leaf,clab-clos-large-leaf30,Ethernet5,spine,clab-clos-large-spine3,Ethernet31,True
l3leaf,clab-clos-large-leaf30,Ethernet7,network_port,,,True
l3leaf,clab-clos-large-leaf30,Ethernet8,network_port,,,True
l3leaf,clab-clos-large-leaf30,Ethernet9,network_port,,,True
l3leaf,clab-clos-large-leaf30,Ethernet10,network_port,,,True
l3leaf,clab-clos-large-leaf30,Ethernet11,network_port,,,True
l3leaf,clab-clos-large-leaf30,Ethernet12,network_port,,,True
l3leaf,clab-clos-large-leaf30,Ethernet13,network_port,,,True
l3leaf,clab-clos-large-leaf30,Ethernet14,network_port,,,True
l3leaf,clab-clos-large-leaf30,Ethernet15,network_port,,,True
l3leaf,clab-clos-large-leaf30,Ethernet16,network_port,,,True
l3leaf,clab-clos-large-leaf30,Ethernet17,network_port,,,True
l3leaf,clab-clos-large-leaf30,Ethernet18,network_port,,,True
l3leaf,clab-clos-large-leaf30,Ethernet19,network_port,,,True
l3leaf,clab-clos-large-leaf30,Ethernet20,network_port,,,True
l3leaf,clab-clos-large-leaf30,Ethernet21,network_port,,,True
l3leaf,clab-clos-large-leaf30,Ethernet22,network_port,,,True
l3leaf,clab-clos-large-leaf30,Ethernet23,network_port,,,True
l3leaf,clab-clos-large-leaf30,Ethernet24,network_port,,,True
l3leaf,clab-clos-large-leaf30,Ethernet25,network_port,,,True
l3leaf,clab-clos-large-leaf30,Ethernet26,network_port,,,True
l3leaf,clab-clos-large-leaf30,Ethernet27,network_port,,,True
l3leaf,clab-clos-large-leaf30,Ethernet28,network_port,,,True
l3leaf,clab-clos-large-leaf30,Ethernet29,network_port,,,True
l3leaf,clab-clos-large-leaf30,Ethernet30,network_port,,,True
l3leaf,clab-clos-large-leaf31,Ethernet1,mlag_peer,clab-clos-large-leaf32,Ethernet1,True
l3leaf,clab-clos-large-leaf31,Ethernet2,mlag_peer,clab-clos-large-leaf32,Ethernet2,True
l3leaf,clab-clos-large-leaf31,Ethernet3,spine,clab-clos-large-spine1,Ethernet32,True
l3leaf,clab-clos-large-leaf31,Ethernet4,spine,clab-clos-large-spine2,Ethernet32,True
l3leaf,clab-clos-large-leaf31,Ethernet5,spine,clab-clos-large-spine3,Ethernet32,True
l3leaf,clab-clos-large-leaf31,Ethernet7,network_port,,,True
l3leaf,clab-clos-large-leaf31,Ethernet8,network_port,,,True
l3leaf,clab-clos-large-leaf31,Ethernet9,network_port,,,True
l3leaf,clab-clos-large-leaf31,Ethernet10,network_port,,,True
l3leaf,clab-clos-large-leaf31,Ethernet11,network_port,,,True
l3leaf,clab-clos-large-leaf31,Ethernet12,network_port,,,True
l3leaf,clab-clos-large-leaf31,Ethernet13,network_port,,,True
l3leaf,clab-clos-large-leaf31,Ethernet14,network_port,,,True
l3leaf,clab-clos-large-leaf31,Ethernet15,network_port,,,True
l3leaf,clab-clos-large-leaf31,Ethernet16,network_port,,,True
l3leaf,clab-clos-large-leaf31,Ethernet17,network_port,,,True
l3leaf,clab-clos-large-leaf31,Ethernet18,network_port,,,True
l3leaf,clab-clos-large-leaf31,Ethernet19,network_port,,,True
l3leaf,clab-clos-large-leaf31,Ethernet20,network_port,,,True
l3leaf,clab-clos-large-leaf31,Ethernet21,network_port,,,True
l3leaf,clab-clos-large-leaf31,Ethernet22,network_port,,,True
l3leaf,clab-clos-large-leaf31,Ethernet23,network_port,,,True
l3leaf,clab-clos-large-leaf31,Ethernet24,network_port,,,True
l3leaf,clab-clos-large-leaf31,Ethernet25,network_port,,,True
l3leaf,clab-clos-large-leaf31,Ethernet26,network_port,,,True
l3leaf,clab-clos-large-leaf31,Ethernet27,network_port,,,True
l3leaf,clab-clos-large-leaf31,Ethernet28,network_port,,,True
l3leaf,clab-clos-large-leaf31,Ethernet29,network_port,,,True
l3leaf,clab-clos-large-leaf31,Ethernet30,network_port,,,True
l3leaf,clab-clos-large-leaf32,Ethernet1,mlag_peer,clab-clos-large-leaf31,Ethernet1,True
l3leaf,clab-clos-large-leaf32,Ethernet2,mlag_peer,clab-clos-large-leaf31,Ethernet2,True
l3leaf,clab-clos-large-leaf32,Ethernet3,spine,clab-clos-large-spine1,Ethernet33,True
l3leaf,clab-clos-large-leaf32,Ethernet4,spine,clab-clos-large-spine2,Ethernet33,True
l3leaf,clab-clos-large-leaf32,Ethernet5,spine,clab-clos-large-spine3,Ethernet33,True
l3leaf,clab-clos-large-leaf32,Ethernet7,network_port,,,True
l3leaf,clab-clos-large-leaf32,Ethernet8,network_port,,,True
l3leaf,clab-clos-large-leaf32,Ethernet9,network_port,,,True
l3leaf,clab-clos-large-leaf32,Ethernet10,network_port,,,True
l3leaf,clab-clos-large-leaf32,Ethernet11,network_port,,,True
l3leaf,clab-clos-large-leaf32,Ethernet12,network_port,,,True
l3leaf,clab-clos-large-leaf32,Ethernet13,network_port,,,True
l3leaf,clab-clos-large-leaf32,Ethernet14,network_port,,,True
l3leaf,clab-clos-large-leaf32,Ethernet15,network_port,,,True
l3leaf,clab-clos-large-leaf32,Ethernet16,network_port,,,True
l3leaf,clab-clos-large-leaf32,Ethernet17,network_port,,,True
l3leaf,clab-clos-large-leaf32,Ethernet18,network_port,,,True
l3leaf,clab-clos-large-leaf32,Ethernet19,network_port,,,True
l3leaf,clab-clos-large-leaf32,Ethernet20,network_port,,,True
l3leaf,clab-clos-large-leaf32,Ethernet21,network_port,,,True
l3leaf,clab-clos-large-leaf32,Ethernet22,network_port,,,True
l3leaf,clab-clos-large-leaf32,Ethernet23,network_port,,,True
l3leaf,clab-clos-large-leaf32,Ethernet24,network_port,,,True
l3leaf,clab-clos-large-leaf32,Ethernet25,network_port,,,True
l3leaf,clab-clos-large-leaf32,Ethernet26,network_port,,,True
l3leaf,clab-clos-large-leaf32,Ethernet27,network_port,,,True
l3leaf,clab-clos-large-leaf32,Ethernet28,network_port,,,True
l3leaf,clab-clos-large-leaf32,Ethernet29,network_port,,,True
l3leaf,clab-clos-large-leaf32,Ethernet30,network_port,,,True
l3leaf,clab-clos-large-leaf33,Ethernet1,mlag_peer,clab-clos-large-leaf34,Ethernet1,True
l3leaf,clab-clos-large-leaf33,Ethernet2,mlag_peer,clab-clos-large-leaf34,Ethernet2,True
l3leaf,clab-clos-large-leaf33,Ethernet3,spine,clab-clos-large-spine1,Ethernet34,True
l3leaf,clab-clos-large-leaf33,Ethernet4,spine,clab-clos-large-spine2,Ethernet34,True
l3leaf,clab-clos-large-leaf33,Ethernet5,spine,clab-clos-large-spine3,Ethernet34,True
l3leaf,clab-clos-large-leaf33,Ethernet7,network_port,,,True
l3leaf,clab-clos-large-leaf33,Ethernet8,network_port,,,True
l3leaf,clab-clos-large-leaf33,Ethernet9,network_port,,,True
l3leaf,clab-clos-large-leaf33,Ethernet10,network_port,,,True
l3leaf,clab-clos-large-leaf33,Ethernet11,network_port,,,True
l3leaf,clab-clos-large-leaf33,Ethernet12,network_port,,,True
l3leaf,clab-clos-large-leaf33,Ethernet13,network_port,,,True
l3leaf,clab-clos-large-leaf33,Ethernet14,network_port,,,True
l3leaf,clab-clos-large-leaf33,Ethernet15,network_port,,,True
l3leaf,clab-clos-large-leaf33,Ethernet16,network_port,,,True
l3leaf,clab-clos-large-leaf33,Ethernet17,network_port,,,True
l3leaf,clab-clos-large-leaf33,Ethernet18,network_port,,,True
l3leaf,clab-clos-large-leaf33,Ethernet19,network_port,,,True
l3leaf,clab-clos-large-leaf33,Ethernet20,network_port,,,True
l3leaf,clab-clos-large-leaf33,Ethernet21,network_port,,,True
l3leaf,clab-clos-large-leaf33,Ethernet22,network_port,,,True
l3leaf,clab-clos-large-leaf33,Ethernet23,network_port,,,True
l3leaf,clab-clos-large-leaf33,Ethernet24,network_port,,,True
l3leaf,clab-clos-large-leaf33,Ethernet25,network_port,,,True
l3leaf,clab-clos-large-leaf33,Ethernet26,network_port,,,True
l3leaf,clab-clos-large-leaf33,Ethernet27,network_port,,,True
l3leaf,clab-clos-large-leaf33,Ethernet28,network_port,,,True
l3leaf,clab-clos-large-leaf33,Ethernet29,network_port,,,True
l3leaf,clab-clos-large-leaf33,Ethernet30,network_port,,,True
l3leaf,clab-clos-large-leaf34,Ethernet1,mlag_peer,clab-clos-large-leaf33,Ethernet1,True
l3leaf,clab-clos-large-leaf34,Ethernet2,mlag_peer,clab-clos-large-leaf33,Ethernet2,True
l3leaf,clab-clos-large-leaf34,Ethernet3,spine,clab-clos-large-spine1,Ethernet35,True
l3leaf,clab-clos-large-leaf34,Ethernet4,spine,clab-clos-large-spine2,Ethernet35,True
l3leaf,clab-clos-large-leaf34,Ethernet5,spine,clab-clos-large-spine3,Ethernet35,True
l3leaf,clab-clos-large-leaf34,Ethernet7,network_port,,,True
l3leaf,clab-clos-large-leaf34,Ethernet8,network_port,,,True
l3leaf,clab-clos-large-leaf34,Ethernet9,network_port,,,True
l3leaf,clab-clos-large-leaf34,Ethernet10,network_port,,,True
l3leaf,clab-clos-large-leaf34,Ethernet11,network_port,,,True
l3leaf,clab-clos-large-leaf34,Ethernet12,network_port,,,True
l3leaf,clab-clos-large-leaf34,Ethernet13,network_port,,,True
l3leaf,clab-clos-large-leaf34,Ethernet14,network_port,,,True
l3leaf,clab-clos-large-leaf34,Ethernet15,network_port,,,True
l3leaf,clab-clos-large-leaf34,Ethernet16,network_port,,,True
l3leaf,clab-clos-large-leaf34,Ethernet17,network_port,,,True
l3leaf,clab-clos-large-leaf34,Ethernet18,network_port,,,True
l3leaf,clab-clos-large-leaf34,Ethernet19,network_port,,,True
l3leaf,clab-clos-large-leaf34,Ethernet20,network_port,,,True
l3leaf,clab-clos-large-leaf34,Ethernet21,network_port,,,True
l3leaf,clab-clos-large-leaf34,Ethernet22,network_port,,,True
l3leaf,clab-clos-large-leaf34,Ethernet23,network_port,,,True
l3leaf,clab-clos-large-leaf34,Ethernet24,network_port,,,True
l3leaf,clab-clos-large-leaf34,Ethernet25,network_port,,,True
l3leaf,clab-clos-large-leaf34,Ethernet26,network_port,,,True
l3leaf,clab-clos-large-leaf34,Ethernet27,network_port,,,True
l3leaf,clab-clos-large-leaf34,Ethernet28,network_port,,,True
l3leaf,clab-clos-large-leaf34,Ethernet29,network_port,,,True
l3leaf,clab-clos-large-leaf34,Ethernet30,network_port,,,True
l3leaf,clab-clos-large-leaf35,Ethernet1,mlag_peer,clab-clos-large-leaf36,Ethernet1,True
l3leaf,clab-clos-large-leaf35,Ethernet2,mlag_peer,clab-clos-large-leaf36,Ethernet2,True
l3leaf,clab-clos-large-leaf35,Ethernet3,spine,clab-clos-large-spine1,Ethernet36,True
l3leaf,clab-clos-large-leaf35,Ethernet4,spine,clab-clos-large-spine2,Ethernet36,True
l3leaf,clab-clos-large-leaf35,Ethernet5,spine,clab-clos-large-spine3,Ethernet36,True
l3leaf,clab-clos-large-leaf35,Ethernet7,network_port,,,True
l3leaf,clab-clos-large-leaf35,Ethernet8,network_port,,,True
l3leaf,clab-clos-large-leaf35,Ethernet9,network_port,,,True
l3leaf,clab-clos-large-leaf35,Ethernet10,network_port,,,True
l3leaf,clab-clos-large-leaf35,Ethernet11,network_port,,,True
l3leaf,clab-clos-large-leaf35,Ethernet12,network_port,,,True
l3leaf,clab-clos-large-leaf35,Ethernet13,network_port,,,True
l3leaf,clab-clos-large-leaf35,Ethernet14,network_port,,,True
l3leaf,clab-clos-large-leaf35,Ethernet15,network_port,,,True
l3leaf,clab-clos-large-leaf35,Ethernet16,network_port,,,True
l3leaf,clab-clos-large-leaf35,Ethernet17,network_port,,,True
l3leaf,clab-clos-large-leaf35,Ethernet18,network_port,,,True
l3leaf,clab-clos-large-leaf35,Ethernet19,network_port,,,True
l3leaf,clab-clos-large-leaf35,Ethernet20,network_port,,,True
l3leaf,clab-clos-large-leaf35,Ethernet21,network_port,,,True
l3leaf,clab-clos-large-leaf35,Ethernet22,network_port,,,True
l3leaf,clab-clos-large-leaf35,Ethernet23,network_port,,,True
l3leaf,clab-clos-large-leaf35,Ethernet24,network_port,,,True
l3leaf,clab-clos-large-leaf35,Ethernet25,network_port,,,True
l3leaf,clab-clos-large-leaf35,Ethernet26,network_port,,,True
l3leaf,clab-clos-large-leaf35,Ethernet27,network_port,,,True
l3leaf,clab-clos-large-leaf35,Ethernet28,network_port,,,True
l3leaf,clab-clos-large-leaf35,Ethernet29,network_port,,,True
l3leaf,clab-clos-large-leaf35,Ethernet30,network_port,,,True
l3leaf,clab-clos-large-leaf36,Ethernet1,mlag_peer,clab-clos-large-leaf35,Ethernet1,True
l3leaf,clab-clos-large-leaf36,Ethernet2,mlag_peer,clab-clos-large-leaf35,Ethernet2,True
l3leaf,clab-clos-large-leaf36,Ethernet3,spine,clab-clos-large-spine1,Ethernet37,True
l3leaf,clab-clos-large-leaf36,Ethernet4,spine,clab-clos-large-spine2,Ethernet37,True
l3leaf,clab-clos-large-leaf36,Ethernet5,spine,clab-clos-large-spine3,Ethernet37,True
l3leaf,clab-clos-large-leaf36,Ethernet7,network_port,,,True
l3leaf,clab-clos-large-leaf36,Ethernet8,network_port,,,True
l3leaf,clab-clos-large-leaf36,Ethernet9,network_port,,,True
l3leaf,clab-clos-large-leaf36,Ethernet10,network_port,,,True
l3leaf,clab-clos-large-leaf36,Ethernet11,network_port,,,True
l3leaf,clab-clos-large-leaf36,Ethernet12,network_port,,,True
l3leaf,clab-clos-large-leaf36,Ethernet13,network_port,,,True
l3leaf,clab-clos-large-leaf36,Ethernet14,network_port,,,True
l3leaf,clab-clos-large-leaf36,Ethernet15,network_port,,,True
l3leaf,clab-clos-large-leaf36,Ethernet16,network_port,,,True
l3leaf,clab-clos-large-leaf36,Ethernet17,network_port,,,True
l3leaf,clab-clos-large-leaf36,Ethernet18,network_port,,,True
l3leaf,clab-clos-large-leaf36,Ethernet19,network_port,,,True
l3leaf,clab-clos-large-leaf36,Ethernet20,network_port,,,True
l3leaf,clab-clos-large-leaf36,Ethernet21,network_port,,,True
l3leaf,clab-clos-large-leaf36,Ethernet22,network_port,,,True
l3leaf,clab-clos-large-leaf36,Ethernet23,network_port,,,True
l3leaf,clab-clos-large-leaf36,Ethernet24,network_port,,,True
l3leaf,clab-clos-large-leaf36,Ethernet25,network_port,,,True
l3leaf,clab-clos-large-leaf36,Ethernet26,network_port,,,True
l3leaf,clab-clos-large-leaf36,Ethernet27,network_port,,,True
l3leaf,clab-clos-large-leaf36,Ethernet28,network_port,,,True
l3leaf,clab-clos-large-leaf36,Ethernet29,network_port,,,True
l3leaf,clab-clos-large-leaf36,Ethernet30,network_port,,,True
l3leaf,clab-clos-large-leaf37,Ethernet1,mlag_peer,clab-clos-large-leaf38,Ethernet1,True
l3leaf,clab-clos-large-leaf37,Ethernet2,mlag_peer,clab-clos-large-leaf38,Ethernet2,True
l3leaf,clab-clos-large-leaf37,Ethernet3,spine,clab-clos-large-spine1,Ethernet38,True
l3leaf,clab-clos-large-leaf37,Ethernet4,spine,clab-clos-large-spine2,Ethernet38,True
l3leaf,clab-clos-large-leaf37,Ethernet5,spine,clab-clos-large-spine3,Ethernet38,True
l3leaf,clab-clos-large-leaf37,Ethernet7,network_port,,,True
l3leaf,clab-clos-large-leaf37,Ethernet8,network_port,,,True
l3leaf,clab-clos-large-leaf37,Ethernet9,network_port,,,True
l3leaf,clab-clos-large-leaf37,Ethernet10,network_port,,,True
l3leaf,clab-clos-large-leaf37,Ethernet11,network_port,,,True
l3leaf,clab-clos-large-leaf37,Ethernet12,network_port,,,True
l3leaf,clab-clos-large-leaf37,Ethernet13,network_port,,,True
l3leaf,clab-clos-large-leaf37,Ethernet14,network_port,,,True
l3leaf,clab-clos-large-leaf37,Ethernet15,network_port,,,True
l3leaf,clab-clos-large-leaf37,Ethernet16,network_port,,,True
l3leaf,clab-clos-large-leaf37,Ethernet17,network_port,,,True
l3leaf,clab-clos-large-leaf37,Ethernet18,network_port,,,True
l3leaf,clab-clos-large-leaf37,Ethernet19,network_port,,,True
l3leaf,clab-clos-large-leaf37,Ethernet20,network_port,,,True
l3leaf,clab-clos-large-leaf37,Ethernet21,network_port,,,True
l3leaf,clab-clos-large-leaf37,Ethernet22,network_port,,,True
l3leaf,clab-clos-large-leaf37,Ethernet23,network_port,,,True
l3leaf,clab-clos-large-leaf37,Ethernet24,network_port,,,True
l3leaf,clab-clos-large-leaf37,Ethernet25,network_port,,,True
l3leaf,clab-clos-large-leaf37,Ethernet26,network_port,,,True
l3leaf,clab-clos-large-leaf37,Ethernet27,network_port,,,True
l3leaf,clab-clos-large-leaf37,Ethernet28,network_port,,,True
l3leaf,clab-clos-large-leaf37,Ethernet29,network_port,,,True
l3leaf,clab-clos-large-leaf37,Ethernet30,network_port,,,True
l3leaf,clab-clos-large-leaf38,Ethernet1,mlag_peer,clab-clos-large-leaf37,Ethernet1,True
l3leaf,clab-clos-large-leaf38,Ethernet2,mlag_peer,clab-clos-large-leaf37,Ethernet2,True
l3leaf,clab-clos-large-leaf38,Ethernet3,spine,clab-clos-large-spine1,Ethernet39,True
l3leaf,clab-clos-large-leaf38,Ethernet4,spine,clab-clos-large-spine2,Ethernet39,True
l3leaf,clab-clos-large-leaf38,Ethernet5,spine,clab-clos-large-spine3,Ethernet39,True
l3leaf,clab-clos-large-leaf38,Ethernet7,network_port,,,True
l3leaf,clab-clos-large-leaf38,Ethernet8,network_port,,,True
l3leaf,clab-clos-large-leaf38,Ethernet9,network_port,,,True
l3leaf,clab-clos-large-leaf38,Ethernet10,network_port,,,True
l3leaf,clab-clos-large-leaf38,Ethernet11,network_port,,,True
l3leaf,clab-clos-large-leaf38,Ethernet12,network_port,,,True
l3leaf,clab-clos-large-leaf38,Ethernet13,network_port,,,True
l3leaf,clab-clos-large-leaf38,Ethernet14,network_port,,,True
l3leaf,clab-clos-large-leaf38,Ethernet15,network_port,,,True
l3leaf,clab-clos-large-leaf38,Ethernet16,network_port,,,True
l3leaf,clab-clos-large-leaf38,Ethernet17,network_port,,,True
l3leaf,clab-clos-large-leaf38,Ethernet18,network_port,,,True
l3leaf,clab-clos-large-leaf38,Ethernet19,network_port,,,True
l3leaf,clab-clos-large-leaf38,Ethernet20,network_port,,,True
l3leaf,clab-clos-large-leaf38,Ethernet21,network_port,,,True
l3leaf,clab-clos-large-leaf38,Ethernet22,network_port,,,True
l3leaf,clab-clos-large-leaf38,Ethernet23,network_port,,,True
l3leaf,clab-clos-large-leaf38,Ethernet24,network_port,,,True
l3leaf,clab-clos-large-leaf38,Ethernet25,network_port,,,True
l3leaf,clab-clos-large-leaf38,Ethernet26,network_port,,,True
l3leaf,clab-clos-large-leaf38,Ethernet27,network_port,,,True
l3leaf,clab-clos-large-leaf38,Ethernet28,network_port,,,True
l3leaf,clab-clos-large-leaf38,Ethernet29,network_port,,,True
l3leaf,clab-clos-large-leaf38,Ethernet30,network_port,,,True
l3leaf,clab-clos-large-leaf39,Ethernet1,mlag_peer,clab-clos-large-leaf40,Ethernet1,True
l3leaf,clab-clos-large-leaf39,Ethernet2,mlag_peer,clab-clos-large-leaf40,Ethernet2,True
l3leaf,clab-clos-large-leaf39,Ethernet3,spine,clab-clos-large-spine1,Ethernet40,True
l3leaf,clab-clos-large-leaf39,Ethernet4,spine,clab-clos-large-spine2,Ethernet40,True
l3leaf,clab-clos-large-leaf39,Ethernet5,spine,clab-clos-large-spine3,Ethernet40,True
l3leaf,clab-clos-large-leaf39,Ethernet7,network_port,,,True
l3leaf,clab-clos-large-leaf39,Ethernet8,network_port,,,True
l3leaf,clab-clos-large-leaf39,Ethernet9,network_port,,,True
l3leaf,clab-clos-large-leaf39,Ethernet10,network_port,,,True
l3leaf,clab-clos-large-leaf39,Ethernet11,network_port,,,True
l3leaf,clab-clos-large-leaf39,Ethernet12,network_port,,,True
l3leaf,clab-clos-large-leaf39,Ethernet13,network_port,,,True
l3leaf,clab-clos-large-leaf39,Ethernet14,network_port,,,True
l3leaf,clab-clos-large-leaf39,Ethernet15,network_port,,,True
l3leaf,clab-clos-large-leaf39,Ethernet16,network_port,,,True
l3leaf,clab-clos-large-leaf39,Ethernet17,network_port,,,True
l3leaf,clab-clos-large-leaf39,Ethernet18,network_port,,,True
l3leaf,clab-clos-large-leaf39,Ethernet19,network_port,,,True
l3leaf,clab-clos-large-leaf39,Ethernet20,network_port,,,True
l3leaf,clab-clos-large-leaf39,Ethernet21,network_port,,,True
l3leaf,clab-clos-large-leaf39,Ethernet22,network_port,,,True
l3leaf,clab-clos-large-leaf39,Ethernet23,network_port,,,True
l3leaf,clab-clos-large-leaf39,Ethernet24,network_port,,,True
l3leaf,clab-clos-large-leaf39,Ethernet25,network_port,,,True
l3leaf,clab-clos-large-leaf39,Ethernet26,network_port,,,True
l3leaf,clab-clos-large-leaf39,Ethernet27,network_port,,,True
l3leaf,clab-clos-large-leaf39,Ethernet28,network_port,,,True
l3leaf,clab-clos-large-leaf39,Ethernet29,network_port,,,True
l3leaf,clab-clos-large-leaf39,Ethernet30,network_port,,,True
l3leaf,clab-clos-large-leaf40,Ethernet1,mlag_peer,clab-clos-large-leaf39,Ethernet1,True
l3leaf,clab-clos-large-leaf40,Ethernet2,mlag_peer,clab-clos-large-leaf39,Ethernet2,True
l3leaf,clab-clos-large-leaf40,Ethernet3,spine,clab-clos-large-spine1,Ethernet41,True
l3leaf,clab-clos-large-leaf40,Ethernet4,spine,clab-clos-large-spine2,Ethernet41,True
l3leaf,clab-clos-large-leaf40,Ethernet5,spine,clab-clos-large-spine3,Ethernet41,True
l3leaf,clab-clos-large-leaf40,Ethernet7,network_port,,,True
l3leaf,clab-clos-large-leaf40,Ethernet8,network_port,,,True
l3leaf,clab-clos-large-leaf40,Ethernet9,network_port,,,True
l3leaf,clab-clos-large-leaf40,Ethernet10,network_port,,,True
l3leaf,clab-clos-large-leaf40,Ethernet11,network_port,,,True
l3leaf,clab-clos-large-leaf40,Ethernet12,network_port,,,True
l3leaf,clab-clos-large-leaf40,Ethernet13,network_port,,,True
l3leaf,clab-clos-large-leaf40,Ethernet14,network_port,,,True
l3leaf,clab-clos-large-leaf40,Ethernet15,network_port,,,True
l3leaf,clab-clos-large-leaf40,Ethernet16,network_port,,,True
l3leaf,clab-clos-large-leaf40,Ethernet17,network_port,,,True
l3leaf,clab-clos-large-leaf40,Ethernet18,network_port,,,True
l3leaf,clab-clos-large-leaf40,Ethernet19,network_port,,,True
l3leaf,clab-clos-large-leaf40,Ethernet20,network_port,,,True
l3leaf,clab-clos-large-leaf40,Ethernet21,network_port,,,True
l3leaf,clab-clos-large-leaf40,Ethernet22,network_port,,,True
l3leaf,clab-clos-large-leaf40,Ethernet23,network_port,,,True
l3leaf,clab-clos-large-leaf40,Ethernet24,network_port,,,True
l3leaf,clab-clos-large-leaf40,Ethernet25,network_port,,,True
l3leaf,clab-clos-large-leaf40,Ethernet26,network_port,,,True
l3leaf,clab-clos-large-leaf40,Ethernet27,network_port,,,True
l3leaf,clab-clos-large-leaf40,Ethernet28,network_port,,,True
l3leaf,clab-clos-large-leaf40,Ethernet29,network_port,,,True
l3leaf,clab-clos-large-leaf40,Ethernet30,network_port,,,True
l3leaf,clab-clos-large-leaf41,Ethernet1,mlag_peer,clab-clos-large-leaf42,Ethernet1,True
l3leaf,clab-clos-large-leaf41,Ethernet2,mlag_peer,clab-clos-large-leaf42,Ethernet2,True
l3leaf,clab-clos-large-leaf41,Ethernet3,spine,clab-clos-large-spine1,Ethernet42,True
l3leaf,clab-clos-large-leaf41,Ethernet4,spine,clab-clos-large-spine2,Ethernet42,True
l3leaf,clab-clos-large-leaf41,Ethernet5,spine,clab-clos-large-spine3,Ethernet42,True
l3leaf,clab-clos-large-leaf41,Ethernet7,network_port,,,True
l3leaf,clab-clos-large-leaf41,Ethernet8,network_port,,,True
l3leaf,clab-clos-large-leaf41,Ethernet9,network_port,,,True
l3leaf,clab-clos-large-leaf41,Ethernet10,network_port,,,True
l3leaf,clab-clos-large-leaf41,Ethernet11,network_port,,,True
l3leaf,clab-clos-large-leaf41,Ethernet12,network_port,,,True
l3leaf,clab-clos-large-leaf41,Ethernet13,network_port,,,True
l3leaf,clab-clos-large-leaf41,Ethernet14,network_port,,,True
l3leaf,clab-clos-large-leaf41,Ethernet15,network_port,,,True
l3leaf,clab-clos-large-leaf41,Ethernet16,network_port,,,True
l3leaf,clab-clos-large-leaf41,Ethernet17,network_port,,,True
l3leaf,clab-clos-large-leaf41,Ethernet18,network_port,,,True
l3leaf,clab-clos-large-leaf41,Ethernet19,network_port,,,True
l3leaf,clab-clos-large-leaf41,Ethernet20,network_port,,,True
l3leaf,clab-clos-large-leaf41,Ethernet21,network_port,,,True
l3leaf,clab-clos-large-leaf41,Ethernet22,network_port,,,True
l3leaf,clab-clos-large-leaf41,Ethernet23,network_port,,,True
l3leaf,clab-clos-large-leaf41,Ethernet24,network_port,,,True
l3leaf,clab-clos-large-leaf41,Ethernet25,network_port,,,True
l3leaf,clab-clos-large-leaf41,Ethernet26,network_port,,,True
l3leaf,clab-clos-large-leaf41,Ethernet27,network_port,,,True
l3leaf,clab-clos-large-leaf41,Ethernet28,network_port,,,True
l3leaf,clab-clos-large-leaf41,Ethernet29,network_port,,,True
l3leaf,clab-clos-large-leaf41,Ethernet30,network_port,,,True
l3leaf,clab-clos-large-leaf42,Ethernet1,mlag_peer,clab-clos-large-leaf41,Ethernet1,True
l3leaf,clab-clos-large-leaf42,Ethernet2,mlag_peer,clab-clos-large-leaf41,Ethernet2,True
l3leaf,clab-clos-large-leaf42,Ethernet3,spine,clab-clos-large-spine1,Ethernet43,True
l3leaf,clab-clos-large-leaf42,Ethernet4,spine,clab-clos-large-spine2,Ethernet43,True
l3leaf,clab-clos-large-leaf42,Ethernet5,spine,clab-clos-large-spine3,Ethernet43,True
l3leaf,clab-clos-large-leaf42,Ethernet7,network_port,,,True
l3leaf,clab-clos-large-leaf42,Ethernet8,network_port,,,True
l3leaf,clab-clos-large-leaf42,Ethernet9,network_port,,,True
l3leaf,clab-clos-large-leaf42,Ethernet10,network_port,,,True
l3leaf,clab-clos-large-leaf42,Ethernet11,network_port,,,True
l3leaf,clab-clos-large-leaf42,Ethernet12,network_port,,,True
l3leaf,clab-clos-large-leaf42,Ethernet13,network_port,,,True
l3leaf,clab-clos-large-leaf42,Ethernet14,network_port,,,True
l3leaf,clab-clos-large-leaf42,Ethernet15,network_port,,,True
l3leaf,clab-clos-large-leaf42,Ethernet16,network_port,,,True
l3leaf,clab-clos-large-leaf42,Ethernet17,network_port,,,True
l3leaf,clab-clos-large-leaf42,Ethernet18,network_port,,,True
l3leaf,clab-clos-large-leaf42,Ethernet19,network_port,,,True
l3leaf,clab-clos-large-leaf42,Ethernet20,network_port,,,True
l3leaf,clab-clos-large-leaf42,Ethernet21,network_port,,,True
l3leaf,clab-clos-large-leaf42,Ethernet22,network_port,,,True
l3leaf,clab-clos-large-leaf42,Ethernet23,network_port,,,True
l3leaf,clab-clos-large-leaf42,Ethernet24,network_port,,,True
l3leaf,clab-clos-large-leaf42,Ethernet25,network_port,,,True
l3leaf,clab-clos-large-leaf42,Ethernet26,network_port,,,True
l3leaf,clab-clos-large-leaf42,Ethernet27,network_port,,,True
l3leaf,clab-clos-large-leaf42,Ethernet28,network_port,,,True
l3leaf,clab-clos-large-leaf42,Ethernet29,network_port,,,True
l3leaf,clab-clos-large-leaf42,Ethernet30,network_port,,,True
l3leaf,clab-clos-large-leaf43,Ethernet1,mlag_peer,clab-clos-large-leaf44,Ethernet1,True
l3leaf,clab-clos-large-leaf43,Ethernet2,mlag_peer,clab-clos-large-leaf44,Ethernet2,True
l3leaf,clab-clos-large-leaf43,Ethernet3,spine,clab-clos-large-spine1,Ethernet44,True
l3leaf,clab-clos-large-leaf43,Ethernet4,spine,clab-clos-large-spine2,Ethernet44,True
l3leaf,clab-clos-large-leaf43,Ethernet5,spine,clab-clos-large-spine3,Ethernet44,True
l3leaf,clab-clos-large-leaf43,Ethernet7,network_port,,,True
l3leaf,clab-clos-large-leaf43,Ethernet8,network_port,,,True
l3leaf,clab-clos-large-leaf43,Ethernet9,network_port,,,True
l3leaf,clab-clos-large-leaf43,Ethernet10,network_port,,,True
l3leaf,clab-clos-large-leaf43,Ethernet11,network_port,,,True
l3leaf,clab-clos-large-leaf43,Ethernet12,network_port,,,True
l3leaf,clab-clos-large-leaf43,Ethernet13,network_port,,,True
l3leaf,clab-clos-large-leaf43,Ethernet14,network_port,,,True
l3leaf,clab-clos-large-leaf43,Ethernet15,network_port,,,True
l3leaf,clab-clos-large-leaf43,Ethernet16,network_port,,,True
l3leaf,clab-clos-large-leaf43,Ethernet17,network_port,,,True
l3leaf,clab-clos-large-leaf43,Ethernet18,network_port,,,True
l3leaf,clab-clos-large-leaf43,Ethernet19,network_port,,,True
l3leaf,clab-clos-large-leaf43,Ethernet20,network_port,,,True
l3leaf,clab-clos-large-leaf43,Ethernet21,network_port,,,True
l3leaf,clab-clos-large-leaf43,Ethernet22,network_port,,,True
l3leaf,clab-clos-large-leaf43,Ethernet23,network_port,,,True
l3leaf,clab-clos-large-leaf43,Ethernet24,network_port,,,True
l3leaf,clab-clos-large-leaf43,Ethernet25,network_port,,,True
l3leaf,clab-clos-large-leaf43,Ethernet26,network_port,,,True
l3leaf,clab-clos-large-leaf43,Ethernet27,network_port,,,True
l3leaf,clab-clos-large-leaf43,Ethernet28,network_port,,,True
l3leaf,clab-clos-large-leaf43,Ethernet29,network_port,,,True
l3leaf,clab-clos-large-leaf43,Ethernet30,network_port,,,True
l3leaf,clab-clos-large-leaf44,Ethernet1,mlag_peer,clab-clos-large-leaf43,Ethernet1,True
l3leaf,clab-clos-large-leaf44,Ethernet2,mlag_peer,clab-clos-large-leaf43,Ethernet2,True
l3leaf,clab-clos-large-leaf44,Ethernet3,spine,clab-clos-large-spine1,Ethernet45,True
l3leaf,clab-clos-large-leaf44,Ethernet4,spine,clab-clos-large-spine2,Ethernet45,True
l3leaf,clab-clos-large-leaf44,Ethernet5,spine,clab-clos-large-spine3,Ethernet45,True
l3leaf,clab-clos-large-leaf44,Ethernet7,network_port,,,True
l3leaf,clab-clos-large-leaf44,Ethernet8,network_port,,,True
l3leaf,clab-clos-large-leaf44,Ethernet9,network_port,,,True
l3leaf,clab-clos-large-leaf44,Ethernet10,network_port,,,True
l3leaf,clab-clos-large-leaf44,Ethernet11,network_port,,,True
l3leaf,clab-clos-large-leaf44,Ethernet12,network_port,,,True
l3leaf,clab-clos-large-leaf44,Ethernet13,network_port,,,True
l3leaf,clab-clos-large-leaf44,Ethernet14,network_port,,,True
l3leaf,clab-clos-large-leaf44,Ethernet15,network_port,,,True
l3leaf,clab-clos-large-leaf44,Ethernet16,network_port,,,True
l3leaf,clab-clos-large-leaf44,Ethernet17,network_port,,,True
l3leaf,clab-clos-large-leaf44,Ethernet18,network_port,,,True
l3leaf,clab-clos-large-leaf44,Ethernet19,network_port,,,True
l3leaf,clab-clos-large-leaf44,Ethernet20,network_port,,,True
l3leaf,clab-clos-large-leaf44,Ethernet21,network_port,,,True
l3leaf,clab-clos-large-leaf44,Ethernet22,network_port,,,True
l3leaf,clab-clos-large-leaf44,Ethernet23,network_port,,,True
l3leaf,clab-clos-large-leaf44,Ethernet24,network_port,,,True
l3leaf,clab-clos-large-leaf44,Ethernet25,network_port,,,True
l3leaf,clab-clos-large-leaf44,Ethernet26,network_port,,,True
l3leaf,clab-clos-large-leaf44,Ethernet27,network_port,,,True
l3leaf,clab-clos-large-leaf44,Ethernet28,network_port,,,True
l3leaf,clab-clos-large-leaf44,Ethernet29,network_port,,,True
l3leaf,clab-clos-large-leaf44,Ethernet30,network_port,,,True
l3leaf,clab-clos-large-leaf45,Ethernet1,mlag_peer,clab-clos-large-leaf46,Ethernet1,True
l3leaf,clab-clos-large-leaf45,Ethernet2,mlag_peer,clab-clos-large-leaf46,Ethernet2,True
l3leaf,clab-clos-large-leaf45,Ethernet3,spine,clab-clos-large-spine1,Ethernet46,True
l3leaf,clab-clos-large-leaf45,Ethernet4,spine,clab-clos-large-spine2,Ethernet46,True
l3leaf,clab-clos-large-leaf45,Ethernet5,spine,clab-clos-large-spine3,Ethernet46,True
l3leaf,clab-clos-large-leaf45,Ethernet7,network_port,,,True
l3leaf,clab-clos-large-leaf45,Ethernet8,network_port,,,True
l3leaf,clab-clos-large-leaf45,Ethernet9,network_port,,,True
l3leaf,clab-clos-large-leaf45,Ethernet10,network_port,,,True
l3leaf,clab-clos-large-leaf45,Ethernet11,network_port,,,True
l3leaf,clab-clos-large-leaf45,Ethernet12,network_port,,,True
l3leaf,clab-clos-large-leaf45,Ethernet13,network_port,,,True
l3leaf,clab-clos-large-leaf45,Ethernet14,network_port,,,True
l3leaf,clab-clos-large-leaf45,Ethernet15,network_port,,,True
l3leaf,clab-clos-large-leaf45,Ethernet16,network_port,,,True
l3leaf,clab-clos-large-leaf45,Ethernet17,network_port,,,True
l3leaf,clab-clos-large-leaf45,Ethernet18,network_port,,,True
l3leaf,clab-clos-large-leaf45,Ethernet19,network_port,,,True
l3leaf,clab-clos-large-leaf45,Ethernet20,network_port,,,True
l3leaf,clab-clos-large-leaf45,Ethernet21,network_port,,,True
l3leaf,clab-clos-large-leaf45,Ethernet22,network_port,,,True
l3leaf,clab-clos-large-leaf45,Ethernet23,network_port,,,True
l3leaf,clab-clos-large-leaf45,Ethernet24,network_port,,,True
l3leaf,clab-clos-large-leaf45,Ethernet25,network_port,,,True
l3leaf,clab-clos-large-leaf45,Ethernet26,network_port,,,True
l3leaf,clab-clos-large-leaf45,Ethernet27,network_port,,,True
l3leaf,clab-clos-large-leaf45,Ethernet28,network_port,,,True
l3leaf,clab-clos-large-leaf45,Ethernet29,network_port,,,True
l3leaf,clab-clos-large-leaf45,Ethernet30,network_port,,,True
l3leaf,clab-clos-large-leaf46,Ethernet1,mlag_peer,clab-clos-large-leaf45,Ethernet1,True
l3leaf,clab-clos-large-leaf46,Ethernet2,mlag_peer,clab-clos-large-leaf45,Ethernet2,True
l3leaf,clab-clos-large-leaf46,Ethernet3,spine,clab-clos-large-spine1,Ethernet47,True
l3leaf,clab-clos-large-leaf46,Ethernet4,spine,clab-clos-large-spine2,Ethernet47,True
l3leaf,clab-clos-large-leaf46,Ethernet5,spine,clab-clos-large-spine3,Ethernet47,True
l3leaf,clab-clos-large-leaf46,Ethernet7,network_port,,,True
l3leaf,clab-clos-large-leaf46,Ethernet8,network_port,,,True
l3leaf,clab-clos-large-leaf46,Ethernet9,network_port,,,True
l3leaf,clab-clos-large-leaf46,Ethernet10,network_port,,,True
l3leaf,clab-clos-large-leaf46,Ethernet11,network_port,,,True
l3leaf,clab-clos-large-leaf46,Ethernet12,network_port,,,True
l3leaf,clab-clos-large-leaf46,Ethernet13,network_port,,,True
l3leaf,clab-clos-large-leaf46,Ethernet14,network_port,,,True
l3leaf,clab-clos-large-leaf46,Ethernet15,network_port,,,True
l3leaf,clab-clos-large-leaf46,Ethernet16,network_port,,,True
l3leaf,clab-clos-large-leaf46,Ethernet17,network_port,,,True
l3leaf,clab-clos-large-leaf46,Ethernet18,network_port,,,True
l3leaf,clab-clos-large-leaf46,Ethernet19,network_port,,,True
l3leaf,clab-clos-large-leaf46,Ethernet20,network_port,,,True
l3leaf,clab-clos-large-leaf46,Ethernet21,network_port,,,True
l3leaf,clab-clos-large-leaf46,Ethernet22,network_port,,,True
l3leaf,clab-clos-large-leaf46,Ethernet23,network_port,,,True
l3leaf,clab-clos-large-leaf46,Ethernet24,network_port,,,True
l3leaf,clab-clos-large-leaf46,Ethernet25,network_port,,,True
l3leaf,clab-clos-large-leaf46,Ethernet26,network_port,,,True
l3leaf,clab-clos-large-leaf46,Ethernet27,network_port,,,True
l3leaf,clab-clos-large-leaf46,Ethernet28,network_port,,,True
l3leaf,clab-clos-large-leaf46,Ethernet29,network_port,,,True
l3leaf,clab-clos-large-leaf46,Ethernet30,network_port,,,True
l3leaf,clab-clos-large-leaf47,Ethernet1,mlag_peer,clab-clos-large-leaf48,Ethernet1,True
l3leaf,clab-clos-large-leaf47,Ethernet2,mlag_peer,clab-clos-large-leaf48,Ethernet2,True
l3leaf,clab-clos-large-leaf47,Ethernet3,spine,clab-clos-large-spine1,Ethernet48,True
l3leaf,clab-clos-large-leaf47,Ethernet4,spine,clab-clos-large-spine2,Ethernet48,True
l3leaf,clab-clos-large-leaf47,Ethernet5,spine,clab-clos-large-spine3,Ethernet48,True
l3leaf,clab-clos-large-leaf47,Ethernet7,network_port,,,True
l3leaf,clab-clos-large-leaf47,Ethernet8,network_port,,,True
l3leaf,clab-clos-large-leaf47,Ethernet9,network_port,,,True
l3leaf,clab-clos-large-leaf47,Ethernet10,network_port,,,True
l3leaf,clab-clos-large-leaf47,Ethernet11,network_port,,,True
l3leaf,clab-clos-large-leaf47,Ethernet12,network_port,,,True
l3leaf,clab-clos-large-leaf47,Ethernet13,network_port,,,True
l3leaf,clab-clos-large-leaf47,Ethernet14,network_port,,,True
l3leaf,clab-clos-large-leaf47,Ethernet15,network_port,,,True
l3leaf,clab-clos-large-leaf47,Ethernet16,network_port,,,True
l3leaf,clab-clos-large-leaf47,Ethernet17,network_port,,,True
l3leaf,clab-clos-large-leaf47,Ethernet18,network_port,,,True
l3leaf,clab-clos-large-leaf47,Ethernet19,network_port,,,True
l3leaf,clab-clos-large-leaf47,Ethernet20,network_port,,,True
l3leaf,clab-clos-large-leaf47,Ethernet21,network_port,,,True
l3leaf,clab-clos-large-leaf47,Ethernet22,network_port,,,True
l3leaf,clab-clos-large-leaf47,Ethernet23,network_port,,,True
l3leaf,clab-clos-large-leaf47,Ethernet24,network_port,,,True
l3leaf,clab-clos-large-leaf47,Ethernet25,network_port,,,True
l3leaf,clab-clos-large-leaf47,Ethernet26,network_port,,,True
l3leaf,clab-clos-large-leaf47,Ethernet27,network_port,,,True
l3leaf,clab-clos-large-leaf47,Ethernet28,network_port,,,True
l3leaf,clab-clos-large-leaf47,Ethernet29,network_port,,,True
l3leaf,clab-clos-large-leaf47,Ethernet30,network_port,,,True
l3leaf,clab-clos-large-leaf48,Ethernet1,mlag_peer,clab-clos-large-leaf47,Ethernet1,True
l3leaf,clab-clos-large-leaf48,Ethernet2,mlag_peer,clab-clos-large-leaf47,Ethernet2,True
l3leaf,clab-clos-large-leaf48,Ethernet3,spine,clab-clos-large-spine1,Ethernet49,True
l3leaf,clab-clos-large-leaf48,Ethernet4,spine,clab-clos-large-spine2,Ethernet49,True
l3leaf,clab-clos-large-leaf48,Ethernet5,spine,clab-clos-large-spine3,Ethernet49,True
l3leaf,clab-clos-large-leaf48,Ethernet7,network_port,,,True
l3leaf,clab-clos-large-leaf48,Ethernet8,network_port,,,True
l3leaf,clab-clos-large-leaf48,Ethernet9,network_port,,,True
l3leaf,clab-clos-large-leaf48,Ethernet10,network_port,,,True
l3leaf,clab-clos-large-leaf48,Ethernet11,network_port,,,True
l3leaf,clab-clos-large-leaf48,Ethernet12,network_port,,,True
l3leaf,clab-clos-large-leaf48,Ethernet13,network_port,,,True
l3leaf,clab-clos-large-leaf48,Ethernet14,network_port,,,True
l3leaf,clab-clos-large-leaf48,Ethernet15,network_port,,,True
l3leaf,clab-clos-large-leaf48,Ethernet16,network_port,,,True
l3leaf,clab-clos-large-leaf48,Ethernet17,network_port,,,True
l3leaf,clab-clos-large-leaf48,Ethernet18,network_port,,,True
l3leaf,clab-clos-large-leaf48,Ethernet19,network_port,,,True
l3leaf,clab-clos-large-leaf48,Ethernet20,network_port,,,True
l3leaf,clab-clos-large-leaf48,Ethernet21,network_port,,,True
l3leaf,clab-clos-large-leaf48,Ethernet22,network_port,,,True
l3leaf,clab-clos-large-leaf48,Ethernet23,network_port,,,True
l3leaf,clab-clos-large-leaf48,Ethernet24,network_port,,,True
l3leaf,clab-clos-large-leaf48,Ethernet25,network_port,,,True
l3leaf,clab-clos-large-leaf48,Ethernet26,network_port,,,True
l3leaf,clab-clos-large-leaf48,Ethernet27,network_port,,,True
l3leaf,clab-clos-large-leaf48,Ethernet28,network_port,,,True
l3leaf,clab-clos-large-leaf48,Ethernet29,network_port,,,True
l3leaf,clab-clos-large-leaf48,Ethernet30,network_port,,,True
l3leaf,clab-clos-large-leaf49,Ethernet1,mlag_peer,clab-clos-large-leaf50,Ethernet1,True
l3leaf,clab-clos-large-leaf49,Ethernet2,mlag_peer,clab-clos-large-leaf50,Ethernet2,True
l3leaf,clab-clos-large-leaf49,Ethernet3,spine,clab-clos-large-spine1,Ethernet50,True
l3leaf,clab-clos-large-leaf49,Ethernet4,spine,clab-clos-large-spine2,Ethernet50,True
l3leaf,clab-clos-large-leaf49,Ethernet5,spine,clab-clos-large-spine3,Ethernet50,True
l3leaf,clab-clos-large-leaf49,Ethernet7,network_port,,,True
l3leaf,clab-clos-large-leaf49,Ethernet8,network_port,,,True
l3leaf,clab-clos-large-leaf49,Ethernet9,network_port,,,True
l3leaf,clab-clos-large-leaf49,Ethernet10,network_port,,,True
l3leaf,clab-clos-large-leaf49,Ethernet11,network_port,,,True
l3leaf,clab-clos-large-leaf49,Ethernet12,network_port,,,True
l3leaf,clab-clos-large-leaf49,Ethernet13,network_port,,,True
l3leaf,clab-clos-large-leaf49,Ethernet14,network_port,,,True
l3leaf,clab-clos-large-leaf49,Ethernet15,network_port,,,True
l3leaf,clab-clos-large-leaf49,Ethernet16,network_port,,,True
l3leaf,clab-clos-large-leaf49,Ethernet17,network_port,,,True
l3leaf,clab-clos-large-leaf49,Ethernet18,network_port,,,True
l3leaf,clab-clos-large-leaf49,Ethernet19,network_port,,,True
l3leaf,clab-clos-large-leaf49,Ethernet20,network_port,,,True
l3leaf,clab-clos-large-leaf49,Ethernet21,network_port,,,True
l3leaf,clab-clos-large-leaf49,Ethernet22,network_port,,,True
l3leaf,clab-clos-large-leaf49,Ethernet23,network_port,,,True
l3leaf,clab-clos-large-leaf49,Ethernet24,network_port,,,True
l3leaf,clab-clos-large-leaf49,Ethernet25,network_port,,,True
l3leaf,clab-clos-large-leaf49,Ethernet26,network_port,,,True
l3leaf,clab-clos-large-leaf49,Ethernet27,network_port,,,True
l3leaf,clab-clos-large-leaf49,Ethernet28,network_port,,,True
l3leaf,clab-clos-large-leaf49,Ethernet29,network_port,,,True
l3leaf,clab-clos-large-leaf49,Ethernet30,network_port,,,True
l3leaf,clab-clos-large-leaf50,Ethernet1,mlag_peer,clab-clos-large-leaf49,Ethernet1,True
l3leaf,clab-clos-large-leaf50,Ethernet2,mlag_peer,clab-clos-large-leaf49,Ethernet2,True
l3leaf,clab-clos-large-leaf50,Ethernet3,spine,clab-clos-large-spine1,Ethernet51,True
l3leaf,clab-clos-large-leaf50,Ethernet4,spine,clab-clos-large-spine2,Ethernet51,True
l3leaf,clab-clos-large-leaf50,Ethernet5,spine,clab-clos-large-spine3,Ethernet51,True
l3leaf,clab-clos-large-leaf50,Ethernet7,network_port,,,True
l3leaf,clab-clos-large-leaf50,Ethernet8,network_port,,,True
l3leaf,clab-clos-large-leaf50,Ethernet9,network_port,,,True
l3leaf,clab-clos-large-leaf50,Ethernet10,network_port,,,True
l3leaf,clab-clos-large-leaf50,Ethernet11,network_port,,,True
l3leaf,clab-clos-large-leaf50,Ethernet12,network_port,,,True
l3leaf,clab-clos-large-leaf50,Ethernet13,network_port,,,True
l3leaf,clab-clos-large-leaf50,Ethernet14,network_port,,,True
l3leaf,clab-clos-large-leaf50,Ethernet15,network_port,,,True
l3leaf,clab-clos-large-leaf50,Ethernet16,network_port,,,True
l3leaf,clab-clos-large-leaf50,Ethernet17,network_port,,,True
l3leaf,clab-clos-large-leaf50,Ethernet18,network_port,,,True
l3leaf,clab-clos-large-leaf50,Ethernet19,network_port,,,True
l3leaf,clab-clos-large-leaf50,Ethernet20,network_port,,,True
l3leaf,clab-clos-large-leaf50,Ethernet21,network_port,,,True
l3leaf,clab-clos-large-leaf50,Ethernet22,network_port,,,True
l3leaf,clab-clos-large-leaf50,Ethernet23,network_port,,,True
l3leaf,clab-clos-large-leaf50,Ethernet24,network_port,,,True
l3leaf,clab-clos-large-leaf50,Ethernet25,network_port,,,True
l3leaf,clab-clos-large-leaf50,Ethernet26,network_port,,,True
l3leaf,clab-clos-large-leaf50,Ethernet27,network_port,,,True
l3leaf,clab-clos-large-leaf50,Ethernet28,network_port,,,True
l3leaf,clab-clos-large-leaf50,Ethernet29,network_port,,,True
l3leaf,clab-clos-large-leaf50,Ethernet30,network_port,,,True
spine,clab-clos-large-spine1,Ethernet2,l3leaf,clab-clos-large-leaf1,Ethernet3,True
spine,clab-clos-large-spine1,Ethernet3,l3leaf,clab-clos-large-leaf2,Ethernet3,True
spine,clab-clos-large-spine1,Ethernet4,l3leaf,clab-clos-large-leaf3,Ethernet3,True
spine,clab-clos-large-spine1,Ethernet5,l3leaf,clab-clos-large-leaf4,Ethernet3,True
spine,clab-clos-large-spine1,Ethernet6,l3leaf,clab-clos-large-leaf5,Ethernet3,True
spine,clab-clos-large-spine1,Ethernet7,l3leaf,clab-clos-large-leaf6,Ethernet3,True
spine,clab-clos-large-spine1,Ethernet8,l3leaf,clab-clos-large-leaf7,Ethernet3,True
spine,clab-clos-large-spine1,Ethernet9,l3leaf,clab-clos-large-leaf8,Ethernet3,True
spine,clab-clos-large-spine1,Ethernet10,l3leaf,clab-clos-large-leaf9,Ethernet3,True
spine,clab-clos-large-spine1,Ethernet11,l3leaf,clab-clos-large-leaf10,Ethernet3,True
spine,clab-clos-large-spine1,Ethernet12,l3leaf,clab-clos-large-leaf11,Ethernet3,True
spine,clab-clos-large-spine1,Ethernet13,l3leaf,clab-clos-large-leaf12,Ethernet3,True
spine,clab-clos-large-spine1,Ethernet14,l3leaf,clab-clos-large-leaf13,Ethernet3,True
spine,clab-clos-large-spine1,Ethernet15,l3leaf,clab-clos-large-leaf14,Ethernet3,True
spine,clab-clos-large-spine1,Ethernet16,l3leaf,clab-clos-large-leaf15,Ethernet3,True
spine,clab-clos-large-spine1,Ethernet17,l3leaf,clab-clos-large-leaf16,Ethernet3,True
spine,clab-clos-large-spine1,Ethernet18,l3leaf,clab-clos-large-leaf17,Ethernet3,True
spine,clab-clos-large-spine1,Ethernet19,l3leaf,clab-clos-large-leaf18,Ethernet3,True
spine,clab-clos-large-spine1,Ethernet20,l3leaf,clab-clos-large-leaf19,Ethernet3,True
spine,clab-clos-large-spine1,Ethernet21,l3leaf,clab-clos-large-leaf20,Ethernet3,True
spine,clab-clos-large-spine1,Ethernet22,l3leaf,clab-clos-large-leaf21,Ethernet3,True
spine,clab-clos-large-spine1,Ethernet23,l3leaf,clab-clos-large-leaf22,Ethernet3,True
spine,clab-clos-large-spine1,Ethernet24,l3leaf,clab-clos-large-leaf23,Ethernet3,True
spine,clab-clos-large-spine1,Ethernet25,l3leaf,clab-clos-large-leaf24,Ethernet3,True
spine,clab-clos-large-spine1,Ethernet26,l3leaf,clab-clos-large-leaf25,Ethernet3,True
spine,clab-clos-large-spine1,Ethernet27,l3leaf,clab-clos-large-leaf26,Ethernet3,True
spine,clab-clos-large-spine1,Ethernet28,l3leaf,clab-clos-large-leaf27,Ethernet3,True
spine,clab-clos-large-spine1,Ethernet29,l3leaf,clab-clos-large-leaf28,Ethernet3,True
spine,clab-clos-large-spine1,Ethernet30,l3leaf,clab-clos-large-leaf29,Ethernet3,True
spine,clab-clos-large-spine1,Ethernet31,l3leaf,clab-clos-large-leaf30,Ethernet3,True
spine,clab-clos-large-spine1,Ethernet32,l3leaf,clab-clos-large-leaf31,Ethernet3,True
spine,clab-clos-large-spine1,Ethernet33,l3leaf,clab-clos-large-leaf32,Ethernet3,True
spine,clab-clos-large-spine1,Ethernet34,l3leaf,clab-clos-large-leaf33,Ethernet3,True
spine,clab-clos-large-spine1,Ethernet35,l3leaf,clab-clos-large-leaf34,Ethernet3,True
spine,clab-clos-large-spine1,Ethernet36,l3leaf,clab-clos-large-leaf35,Ethernet3,True
spine,clab-clos-large-spine1,Ethernet37,l3leaf,clab-clos-large-leaf36,Ethernet3,True
spine,clab-clos-large-spine1,Ethernet38,l3leaf,clab-clos-large-leaf37,Ethernet3,True
spine,clab-clos-large-spine1,Ethernet39,l3leaf,clab-clos-large-leaf38,Ethernet3,True
spine,clab-clos-large-spine1,Ethernet40,l3leaf,clab-clos-large-leaf39,Ethernet3,True
spine,clab-clos-large-spine1,Ethernet41,l3leaf,clab-clos-large-leaf40,Ethernet3,True
spine,clab-clos-large-spine1,Ethernet42,l3leaf,clab-clos-large-leaf41,Ethernet3,True
spine,clab-clos-large-spine1,Ethernet43,l3leaf,clab-clos-large-leaf42,Ethernet3,True
spine,clab-clos-large-spine1,Ethernet44,l3leaf,clab-clos-large-leaf43,Ethernet3,True
spine,clab-clos-large-spine1,Ethernet45,l3leaf,clab-clos-large-leaf44,Ethernet3,True
spine,clab-clos-large-spine1,Ethernet46,l3leaf,clab-clos-large-leaf45,Ethernet3,True
spine,clab-clos-large-spine1,Ethernet47,l3leaf,clab-clos-large-leaf46,Ethernet3,True
spine,clab-clos-large-spine1,Ethernet48,l3leaf,clab-clos-large-leaf47,Ethernet3,True
spine,clab-clos-large-spine1,Ethernet49,l3leaf,clab-clos-large-leaf48,Ethernet3,True
spine,clab-clos-large-spine1,Ethernet50,l3leaf,clab-clos-large-leaf49,Ethernet3,True
spine,clab-clos-large-spine1,Ethernet51,l3leaf,clab-clos-large-leaf50,Ethernet3,True
spine,clab-clos-large-spine1,Ethernet52,l3leaf,clab-clos-large-borderleaf1,Ethernet3,True
spine,clab-clos-large-spine1,Ethernet53,l3leaf,clab-clos-large-borderleaf2,Ethernet3,True
spine,clab-clos-large-spine2,Ethernet2,l3leaf,clab-clos-large-leaf1,Ethernet4,True
spine,clab-clos-large-spine2,Ethernet3,l3leaf,clab-clos-large-leaf2,Ethernet4,True
spine,clab-clos-large-spine2,Ethernet4,l3leaf,clab-clos-large-leaf3,Ethernet4,True
spine,clab-clos-large-spine2,Ethernet5,l3leaf,clab-clos-large-leaf4,Ethernet4,True
spine,clab-clos-large-spine2,Ethernet6,l3leaf,clab-clos-large-leaf5,Ethernet4,True
spine,clab-clos-large-spine2,Ethernet7,l3leaf,clab-clos-large-leaf6,Ethernet4,True
spine,clab-clos-large-spine2,Ethernet8,l3leaf,clab-clos-large-leaf7,Ethernet4,True
spine,clab-clos-large-spine2,Ethernet9,l3leaf,clab-clos-large-leaf8,Ethernet4,True
spine,clab-clos-large-spine2,Ethernet10,l3leaf,clab-clos-large-leaf9,Ethernet4,True
spine,clab-clos-large-spine2,Ethernet11,l3leaf,clab-clos-large-leaf10,Ethernet4,True
spine,clab-clos-large-spine2,Ethernet12,l3leaf,clab-clos-large-leaf11,Ethernet4,True
spine,clab-clos-large-spine2,Ethernet13,l3leaf,clab-clos-large-leaf12,Ethernet4,True
spine,clab-clos-large-spine2,Ethernet14,l3leaf,clab-clos-large-leaf13,Ethernet4,True
spine,clab-clos-large-spine2,Ethernet15,l3leaf,clab-clos-large-leaf14,Ethernet4,True
spine,clab-clos-large-spine2,Ethernet16,l3leaf,clab-clos-large-leaf15,Ethernet4,True
spine,clab-clos-large-spine2,Ethernet17,l3leaf,clab-clos-large-leaf16,Ethernet4,True
spine,clab-clos-large-spine2,Ethernet18,l3leaf,clab-clos-large-leaf17,Ethernet4,True
spine,clab-clos-large-spine2,Ethernet19,l3leaf,clab-clos-large-leaf18,Ethernet4,True
spine,clab-clos-large-spine2,Ethernet20,l3leaf,clab-clos-large-leaf19,Ethernet4,True
spine,clab-clos-large-spine2,Ethernet21,l3leaf,clab-clos-large-leaf20,Ethernet4,True
spine,clab-clos-large-spine2,Ethernet22,l3leaf,clab-clos-large-leaf21,Ethernet4,True
spine,clab-clos-large-spine2,Ethernet23,l3leaf,clab-clos-large-leaf22,Ethernet4,True
spine,clab-clos-large-spine2,Ethernet24,l3leaf,clab-clos-large-leaf23,Ethernet4,True
spine,clab-clos-large-spine2,Ethernet25,l3leaf,clab-clos-large-leaf24,Ethernet4,True
spine,clab-clos-large-spine2,Ethernet26,l3leaf,clab-clos-large-leaf25,Ethernet4,True
spine,clab-clos-large-spine2,Ethernet27,l3leaf,clab-clos-large-leaf26,Ethernet4,True
spine,clab-clos-large-spine2,Ethernet28,l3leaf,clab-clos-large-leaf27,Ethernet4,True
spine,clab-clos-large-spine2,Ethernet29,l3leaf,clab-clos-large-leaf28,Ethernet4,True
spine,clab-clos-large-spine2,Ethernet30,l3leaf,clab-clos-large-leaf29,Ethernet4,True
spine,clab-clos-large-spine2,Ethernet31,l3leaf,clab-clos-large-leaf30,Ethernet4,True
spine,clab-clos-large-spine2,Ethernet32,l3leaf,clab-clos-large-leaf31,Ethernet4,True
spine,clab-clos-large-spine2,Ethernet33,l3leaf,clab-clos-large-leaf32,Ethernet4,True
spine,clab-clos-large-spine2,Ethernet34,l3leaf,clab-clos-large-leaf33,Ethernet4,True
spine,clab-clos-large-spine2,Ethernet35,l3leaf,clab-clos-large-leaf34,Ethernet4,True
spine,clab-clos-large-spine2,Ethernet36,l3leaf,clab-clos-large-leaf35,Ethernet4,True
spine,clab-clos-large-spine2,Ethernet37,l3leaf,clab-clos-large-leaf36,Ethernet4,True
spine,clab-clos-large-spine2,Ethernet38,l3leaf,clab-clos-large-leaf37,Ethernet4,True
spine,clab-clos-large-spine2,Ethernet39,l3leaf,clab-clos-large-leaf38,Ethernet4,True
spine,clab-clos-large-spine2,Ethernet40,l3leaf,clab-clos-large-leaf39,Ethernet4,True
spine,clab-clos-large-spine2,Ethernet41,l3leaf,clab-clos-large-leaf40,Ethernet4,True
spine,clab-clos-large-spine2,Ethernet42,l3leaf,clab-clos-large-leaf41,Ethernet4,True
spine,clab-clos-large-spine2,Ethernet43,l3leaf,clab-clos-large-leaf42,Ethernet4,True
spine,clab-clos-large-spine2,Ethernet44,l3leaf,clab-clos-large-leaf43,Ethernet4,True
spine,clab-clos-large-spine2,Ethernet45,l3leaf,clab-clos-large-leaf44,Ethernet4,True
spine,clab-clos-large-spine2,Ethernet46,l3leaf,clab-clos-large-leaf45,Ethernet4,True
spine,clab-clos-large-spine2,Ethernet47,l3leaf,clab-clos-large-leaf46,Ethernet4,True
spine,clab-clos-large-spine2,Ethernet48,l3leaf,clab-clos-large-leaf47,Ethernet4,True
spine,clab-clos-large-spine2,Ethernet49,l3leaf,clab-clos-large-leaf48,Ethernet4,True
spine,clab-clos-large-spine2,Ethernet50,l3leaf,clab-clos-large-leaf49,Ethernet4,True
spine,clab-clos-large-spine2,Ethernet51,l3leaf,clab-clos-large-leaf50,Ethernet4,True
spine,clab-clos-large-spine2,Ethernet52,l3leaf,clab-clos-large-borderleaf1,Ethernet4,True
spine,clab-clos-large-spine2,Ethernet53,l3leaf,clab-clos-large-borderleaf2,Ethernet4,True
spine,clab-clos-large-spine3,Ethernet2,l3leaf,clab-clos-large-leaf1,Ethernet5,True
spine,clab-clos-large-spine3,Ethernet3,l3leaf,clab-clos-large-leaf2,Ethernet5,True
spine,clab-clos-large-spine3,Ethernet4,l3leaf,clab-clos-large-leaf3,Ethernet5,True
spine,clab-clos-large-spine3,Ethernet5,l3leaf,clab-clos-large-leaf4,Ethernet5,True
spine,clab-clos-large-spine3,Ethernet6,l3leaf,clab-clos-large-leaf5,Ethernet5,True
spine,clab-clos-large-spine3,Ethernet7,l3leaf,clab-clos-large-leaf6,Ethernet5,True
spine,clab-clos-large-spine3,Ethernet8,l3leaf,clab-clos-large-leaf7,Ethernet5,True
spine,clab-clos-large-spine3,Ethernet9,l3leaf,clab-clos-large-leaf8,Ethernet5,True
spine,clab-clos-large-spine3,Ethernet10,l3leaf,clab-clos-large-leaf9,Ethernet5,True
spine,clab-clos-large-spine3,Ethernet11,l3leaf,clab-clos-large-leaf10,Ethernet5,True
spine,clab-clos-large-spine3,Ethernet12,l3leaf,clab-clos-large-leaf11,Ethernet5,True
spine,clab-clos-large-spine3,Ethernet13,l3leaf,clab-clos-large-leaf12,Ethernet5,True
spine,clab-clos-large-spine3,Ethernet14,l3leaf,clab-clos-large-leaf13,Ethernet5,True
spine,clab-clos-large-spine3,Ethernet15,l3leaf,clab-clos-large-leaf14,Ethernet5,True
spine,clab-clos-large-spine3,Ethernet16,l3leaf,clab-clos-large-leaf15,Ethernet5,True
spine,clab-clos-large-spine3,Ethernet17,l3leaf,clab-clos-large-leaf16,Ethernet5,True
spine,clab-clos-large-spine3,Ethernet18,l3leaf,clab-clos-large-leaf17,Ethernet5,True
spine,clab-clos-large-spine3,Ethernet19,l3leaf,clab-clos-large-leaf18,Ethernet5,True
spine,clab-clos-large-spine3,Ethernet20,l3leaf,clab-clos-large-leaf19,Ethernet5,True
spine,clab-clos-large-spine3,Ethernet21,l3leaf,clab-clos-large-leaf20,Ethernet5,True
spine,clab-clos-large-spine3,Ethernet22,l3leaf,clab-clos-large-leaf21,Ethernet5,True
spine,clab-clos-large-spine3,Ethernet23,l3leaf,clab-clos-large-leaf22,Ethernet5,True
spine,clab-clos-large-spine3,Ethernet24,l3leaf,clab-clos-large-leaf23,Ethernet5,True
spine,clab-clos-large-spine3,Ethernet25,l3leaf,clab-clos-large-leaf24,Ethernet5,True
spine,clab-clos-large-spine3,Ethernet26,l3leaf,clab-clos-large-leaf25,Ethernet5,True
spine,clab-clos-large-spine3,Ethernet27,l3leaf,clab-clos-large-leaf26,Ethernet5,True
spine,clab-clos-large-spine3,Ethernet28,l3leaf,clab-clos-large-leaf27,Ethernet5,True
spine,clab-clos-large-spine3,Ethernet29,l3leaf,clab-clos-large-leaf28,Ethernet5,True
spine,clab-clos-large-spine3,Ethernet30,l3leaf,clab-clos-large-leaf29,Ethernet5,True
spine,clab-clos-large-spine3,Ethernet31,l3leaf,clab-clos-large-leaf30,Ethernet5,True
spine,clab-clos-large-spine3,Ethernet32,l3leaf,clab-clos-large-leaf31,Ethernet5,True
spine,clab-clos-large-spine3,Ethernet33,l3leaf,clab-clos-large-leaf32,Ethernet5,True
spine,clab-clos-large-spine3,Ethernet34,l3leaf,clab-clos-large-leaf33,Ethernet5,True
spine,clab-clos-large-spine3,Ethernet35,l3leaf,clab-clos-large-leaf34,Ethernet5,True
spine,clab-clos-large-spine3,Ethernet36,l3leaf,clab-clos-large-leaf35,Ethernet5,True
spine,clab-clos-large-spine3,Ethernet37,l3leaf,clab-clos-large-leaf36,Ethernet5,True
spine,clab-clos-large-spine3,Ethernet38,l3leaf,clab-clos-large-leaf37,Ethernet5,True
spine,clab-clos-large-spine3,Ethernet39,l3leaf,clab-clos-large-leaf38,Ethernet5,True
spine,clab-clos-large-spine3,Ethernet40,l3leaf,clab-clos-large-leaf39,Ethernet5,True
spine,clab-clos-large-spine3,Ethernet41,l3leaf,clab-clos-large-leaf40,Ethernet5,True
spine,clab-clos-large-spine3,Ethernet42,l3leaf,clab-clos-large-leaf41,Ethernet5,True
spine,clab-clos-large-spine3,Ethernet43,l3leaf,clab-clos-large-leaf42,Ethernet5,True
spine,clab-clos-large-spine3,Ethernet44,l3leaf,clab-clos-large-leaf43,Ethernet5,True
spine,clab-clos-large-spine3,Ethernet45,l3leaf,clab-clos-large-leaf44,Ethernet5,True
spine,clab-clos-large-spine3,Ethernet46,l3leaf,clab-clos-large-leaf45,Ethernet5,True
spine,clab-clos-large-spine3,Ethernet47,l3leaf,clab-clos-large-leaf46,Ethernet5,True
spine,clab-clos-large-spine3,Ethernet48,l3leaf,clab-clos-large-leaf47,Ethernet5,True
spine,clab-clos-large-spine3,Ethernet49,l3leaf,clab-clos-large-leaf48,Ethernet5,True
spine,clab-clos-large-spine3,Ethernet50,l3leaf,clab-clos-large-leaf49,Ethernet5,True
spine,clab-clos-large-spine3,Ethernet51,l3leaf,clab-clos-large-leaf50,Ethernet5,True
spine,clab-clos-large-spine3,Ethernet52,l3leaf,clab-clos-large-borderleaf1,Ethernet5,True
spine,clab-clos-large-spine3,Ethernet53,l3leaf,clab-clos-large-borderleaf2,Ethernet5,True
